{"groups":[{"keys":"componet_json,dianji_mc_json,dianji_tex_png,common_v1_json,gamehall_json,ghsetting_json,roledetail_json,VideoLoading_json,VideoLoading_png,gamehall_1_png,gamehall_2_png,startgame_png,startgame_json,game1_buy_json","name":"preload"},{"keys":"Lovehome_mp3,bubble_mp3,click_mp3,film_mp3,heart_mp3,message_mp3,notice_mp3,panelClose_mp3,ringMessage_mp3,scrollPaper_mp3,write_mp3","name":"proloadSound"},{"keys":"jindutiao2_ske_json,jindutiao2_tex_json,jindutiao2_tex_png,loadingEffect_png,loadingEffect_json","name":"loading"},{"keys":"GZSlogoDH2_ske_json,GZSlogoDH2_tex_json,GZSlogoDH2_tex_png,logoyx_mp3","name":"logo"},{"keys":"load_bg1_jpg,load_jindutiao1_png,load_jindutiao2_png","name":"load_res"},{"keys":"shuzi1_fnt,shuzi2_fnt,shuzi3_fnt,xinjian_fnt","name":"font"},{"keys":"upgradeAnim_json,upgradeAnim_png,loadingAnim_json,loadingAnim_png","name":"anim"},{"keys":"login2_denglu_png,login2_ditu_png,login2_ditu2_png,login2_ditu3_png,login2_fanhui_png,login2_hongseanniu_png,login2_kaishi_png,login2_lvseanniu_png,login2_qingquerenmima_png,login2_qingshurumima_png,login2_qingshuruzhzanghao_png,login2_queding_png,login2_ren_png,login2_shaizi_png,login2_suo_png,login2_yuanxinganniu_png,login2_zhanghaodenglu_png,login2_zhanghaozhuce_png,login2_zhuce_png,baixingxing_png,loading-1-1_png,login_logo_png","name":"login"},{"keys":"main2_beibao_png,main2_beijingtu_1_jpg,main2_dianhua_png,main2_ditu_png,main2_fuli_png,main2_gongzuo_png,main2_jiahao1_png,main2_jiahao2_png,main2_jiahao3_png,main2_jinbi_png,main2_lianai_png,main2_lingqu_png,main2_logo_png,main2_main2_tilitiao_png,main2_main3_tilizhi_png,main2_MAX_png,main2_qiandao_png,main2_shangcheng_png,main2_shezhi_png,main2_shipin_png,main2_tianshu_png,main2_tili_png,main2_tili2_png,main2_tilitiao_png,main2_tilizhi-aixin_png,main2_tilizhi_png,main2_tishi_png,main2_toumingdi_png,main2_tubiaodi_png,main2_weibo_png,main2_weixin_png,main2_zhezhao_1_png,main2_zuanshi_png,yindao_fang_png,yindao_gold_png,yindao_handdowm_png,yindao_handleft_png,yindao_handup_png,yindao_heart_png,yindao_miao_png,yindao_quan_png,yindao_quan2_png,yindao_quan3_png,yindao_shuru_png,yindao_work_png,set2_ditu_png,set2_fuzhiid_png,set2_guan_png,set2_jianyi_png,set2_kai_png,set2_shezhi_png,set2_toumingkuang_png,set2_yinyue_png,set2_youjian_png,xieyi_queding_png,xieyi_title_png,youjian_bantoumingdi_png,youjian_biaoti_png,youjian_ditu_png,youjian_fujian_png,youjian_lingqu_png,youjian_tubiao_png,youjian_youjian_png,set_xieyi_png,main2_tishiditu_png,set_line_png,laba_png,main_buy_tip_png,follow_btn_png,sendToDe_btn_png,main_notice_01_png,main_notice_02_png,main_notice_06_png,main_notice_di01_png,main_notice_di02_png,main_notice_03_png,main_notice_04_png,main_notice_05_png,sm_btn_png","name":"main"},{"keys":"dacheng_1_png,dacheng_2_png,dacheng_3_png,dacheng_4_png,dacheng_dacheng_png,dacheng_xin_png,love2_bg_jpg,love2_kaishi_png,love2_tili_png,love2_xindongzhi_png,love2_zhezhao_png,tishi_png,work_shengzhi_png,work2_anniu_png,work2_bg_jpg,work2_ditu_png,work2_fachuandan_png,work2_gongzuo_png,work2_jianzhijiajiao_png,work2_jinbi_png,work2_jindutiao_png,work2_jindutiaodi_png,work2_keshengzhi_png,work2_shixiyuangong_png,work2_suozi_png,work2_tou_png,work2_zhengshiyuangong_png,work2_zhezhao1_png,workpro_jindutiao1_png,workpro_jindutiao2_png,workpro_lijiwancheng_png","name":"work"},{"keys":"shipin2_BG_jpg,shipin2_bofang_png,shipin2_heisebantoumingzhezhao_png,shipin2_huiyi_png,shipin2_jinbizhezhao_png,shipin2_suo_png,shipin2_zhencang_png,shipin2_zizhezhao_png,game_bg_icon_png,game_bg_none_png,game_bg_1a_png,game_bg_2a_png,game_bg_3a_png,game_bg_4a_png,game_bg_5a_png,game_bg_6a_png,game_bg_7a_png,game_bg_8a_png,game_bg_9a_png,game_bg_10a_png,game_bg_11a_png,shipin_2_btn_line_png,shipin_2_btn_off_png,shipin_2_btn_on_png,shipin_2_btn_panel_png,game_sms_womon_png,game_sms_item_panel_png,game_sms_pop_01_png,game_sms_pop_02_png,game_sms_pop_start_png,game_bg_icon_1_png,game_bg_2a_b_png,game_bg_3a_b_png,game_bg_4a_b_png,game_bg_5a_b_png,game_bg_6a_b_png,game_bg_7a_b_png,game_bg_8a_b_png,game_bg_9a_b_png,game_bg_10a_b_png,game_bg_11a_b_png,game_bg_1a_b_png","name":"video"},{"keys":"calling_mp3,canteen_mp3,carnie_mp3,cat_mp3,click_mp3,common_use_mp3,dialogue_pop_mp3,facetime_mp3,gym_mp3,levelup_mp3,library_mp3,love_done_mp3,Lovehome_mp3,new_msg_mp3,number_add_mp3,number_reduce_mp3,page_switch_mp3,park_mp3,return_mp3,select_mp3,sent_msg_mp3,shopping_mp3,success_mp3,time_click_mp3,work_done_mp3,working_mp3,wrong_answer_mp3,close2_mp3","name":"music"},{"keys":"hs_yuyin_1_png,tel2_aixin_png,tel2_bg_png,tel2_bohao_png,tel2_bohaojiemian_png,tel2_guaduan_png,tel2_shuzikuang_png,tel2_xiaoguo_png,tel2_xingxing_png,tel2_zhengzaihujiao_png,weixin2_-_png,weixin2_bantoumingditu_png,weixin2_datouxiangkuang_png,weixin2_datouxiangmengban_png,weixin2_di_png,weixin2_fasong_png,weixin2_fasonganniu_png,weixin2_fengexian_png,weixin2_heisebantoumingditu_png,weixin2_huiseanniu_png,weixin2_liaotianqipaoduifang_png,weixin2_liaotianqipaoziji_png,weixin2_linshitouxiang_png,weixin2_linshitouxiang2_png,weixin2_xiaotouxiangkuang_png,weixin2_xiaotouxiangmengban_png,weixin2_xinsui_png,weixin2_xuanzeduihua_png,weixin2_xuanzeliaotian2_png,weibo2_BG_jpg,weibo2_dianzan_png,weibo2_pinglun_png,weibo2_toumingdi_png,weibo2_weibo2_baidi_png,weibo2_xin_png,weibo2_xingbie_png,weixin2_liaotiankuang_png","name":"message"},{"keys":"libao_ditu_png,shop2_anniu_png,shop2_baobaoxiong_png,shop2_biaoqian_png,shop2_chaozhi_png,shop2_dangao_png,shop2_ditu_png,shop2_ditu2_png,shop2_double_png,shop2_goumaidaju_png,shop2_goumaidaoju1_png,shop2_goumaijinbi_png,shop2_goumaijinbi1_png,shop2_goumailibao_png,shop2_goumailibao1_png,shop2_goumaizhuanshi_png,shop2_goumaizhuanshi2_png,shop2_jinbi_png,shop2_jinbi2_png,shop2_meigui_png,shop2_renminbi_png,shop2_shiyitu4_png,shop2_shiyitu5_png,shop2_shuangbei_png,shop2_xiangoulibai1_png,shop2_xiangoulibao_png,shop2_xuanzhong_png,shop2_zhezhao_png,shop2_zhezhao2_png,shop2_zhuanshi_png,shop2_zhuanshi2_png,shop2_zi_png,gift_anniuxiadeguang_png,gift_biaoti_png,gift_ditu_png,gift_goumai_png,gift_jiaqian_png,gift_jinbi_png,gift_jinbi1_png,gift_wenzixinxi_png,gift_X_png,gift_youbiandeqiqiu_png,gift_zuobiandeqiqiu_png,libao_cd_png,libao_finish_png,libao_miaohui_png,libao_title1_png,libao_title2_png,libao_title3_png,libao_title4_png,libao_video_png,tili_bg_png,tili_linqu_png,tili_text_png,tili_title_png,tili_yilinqu_png,bag2_baidi_png,bag2_BG_jpg,bag2_dangao_png,bag2_ditu_png,bag2_gundongtiao_png,bag2_gundongtiao1_png,bag2_jiahao_png,bag2_jiahao1_png,bag2_jianhao_png,bag2_jianhao1_png,bag2_lvseanniu_png,bag2_qianwansahngcheng_png,bag2_queding_png,bag2_quxiao_png,bag2_tiantianquan_png,bag2_toumingdi_png,bag2_tupianceng_png,bag2_zhezhao_png,bag2_zhezhao1_png,bag2_zhishibing_png,beibao-dangao_png,shop_gold_02_png,shop_gold_03_png,shop_gold_bg_png,shop_gold_head_png,shop_gold_01_png,shop_common_bottom_png,shop_diamond_01_png,shop_diamond_02_png,shop_diamond_03_png,shop_diamond_bg_png,shop_diamond_double_png,shop_diamond_head_png,shop_gifttool_02_png,shop_gifttool_03_png,shop_gifttool_buy_png,shop_gifttool_01_png,shop_gift_di_01_png,shop_gift_di_02_png,shop_gift_btn01_png,shop_gift_btn02_png,shop_tool_btn01_png,shop_tool_btn02_png,shop_gift_di_bottom_png,shop_gift_di_up_png,shop_gift_label_di_png,shop_gift_rightlabel_di_png,shop_gift_001_png,shop_gift_002_png,shop_gift_003_png,shop_gift_004_png,shop_gift_005_png,shop_gift_006_png,shop_gift_007_png,shop_gift_008_png,shop_gift_009_png,shop_gift_010_png,shop_gift_011_png,shop_gift_012_png,shop_gift_013_png,shop_gift_014_png,shop_tool_jianshengka_png,shop_tool_kehong_png,shop_tool_qiaokeli_png,shop_tool_rose_png,shop_tool_xianglian_png,shop_tool_xiangshui_png,shop_tool_youleyuan_png,shop_tool_baba_png,shop_tool_chongwulishi_png,shop_tool_dangao_png,shop_tool_diyingpiao_png,shop_tool_gongyuan_png,shop_tool_gongzai_png,shop_tool_gouwu_png,shop_tool_huanchangjuan_png","name":"shangcheng"},{"keys":"share_zone_png,share_weixin_png,share_weibo_png,share_title2_png,share_title_png,share_tip_png,share_qq_png,share_friend_png,share_content_png,share_btn_png","name":"share"},{"keys":"Lovehome_mp3","name":"bgm"},{"keys":"act_btn_png,act_bg_png,act_title_png,act_btn0_png,act_btn1_png,act_btn_bg_png,act_btn_bg2_png,act_page0_title_png,act_day_bg_png,act_red_tip_png,act_yilingqu_png,act_page1_content_png,act_btn2_png,act_page2_content_png,act_page4_title_png,act_page4_inputbg_png,act_shouchong_btn_png,act_receive_btn1_png,act_receive_btn0_png,act_gift_inputbg_png,act_receive_btn_black_png,act_30yuan_png,act_page6_content_png,act_lingqu_png,act_receive_black_png,act_page0_title_01_png","name":"act"},{"keys":"lovetips_json","name":"config"},{"keys":"dlc_kuang_5_png,dlc_kuang_6_png,dlc_kuang_7_png,dlc_panel_1_png,dlc_panel_2_png,dlc_panel_3_png,dlc_start_1_png,dlc_start_2_png,dlc_start_3_png,dlc_big_start_1_png,dlc_big_start_2_png,dlc_big_start_3_png,dlc_button_select_png,dlc_button_unSelect_png,dlc_icon_1_png,dlc_icon_2_png,dlc_icon_3_png,dlc_icon_4_png,dlc_icon_5_png,dlc_kuang_1_png,dlc_kuang_2_png,dlc_kuang_3_png,dlc_kuang_4_png,dlc_kuang_8_png,dlc_photo_bg_png,dlc_select_icon_png,dlc_startButton_text_png,dlc_unselect_icon_png,dlc_6bay_text_png,dlc_icon_png,dlc_icon_6_png,dlc_kuang_9_png,dlc_panel_4_png,dlc_panel_over_png,dlc_text_back_png,dlc_text_kuang_10_png,dlc_text_next_png,dlc_doc_p1_jpg,dlc_doc_p2_jpg,dlc_doc_p3_jpg,dlc_doc_p4_jpg,dlc_doc_p5_jpg,lihui9-3_jpg,lihui9-2_jpg,lihui9-1_jpg,lihui8-3_jpg,lihui8-2_jpg,lihui8-1_jpg,lihui7-3_jpg,lihui7-2_jpg,lihui7-1_jpg,lihui6-3_jpg,lihui6-2_jpg,lihui6-1_jpg,lihui5-3_jpg,lihui5-2_jpg,lihui5-1_jpg,lihui4-3_jpg,lihui4-2_jpg,lihui4-1_jpg,lihui3-3_jpg,lihui3-2_jpg,lihui3-1_jpg,lihui2-3_jpg,lihui2-2_jpg,lihui2-1_jpg,lihui10-3_jpg,lihui10-2_jpg,lihui10-1_jpg,lihui1-3_jpg,lihui1-2_jpg,lihui1-1_jpg,dlc_bg_jpg,secretShop_png,dlc_panel_main_bj_jpg","name":"dlc"},{"keys":"red_packet_1_png,red_packet_2_png,red_packet_3_png,red_packet_6_png,red_packet_7_png,red_packet_png,red_packet_8_png,red_packet_9_png,red_packet_10_png,red_packet_11_png","name":"redpacket"},{"keys":"GZSlogoDHHB_tex_png,GZSlogoDHHB_tex_json,GZSlogoDHHB_ske_json,logoyx_mp3","name":"logo1"},{"keys":"chaozhizuhe_tex_png,chaozhizuhe_tex_json,chaozhizuhe_ske_json","name":"chaozhizuhe"},{"keys":"suipian_tex_png,suipian_tex_json,suipian_ske_json","name":"suipian"},{"keys":"memory_mask_tex_png,img_shade_mask_png,img_circle_mask_png,img_circle_blur_mask_png,img_black_mask_png,brush_mask_tex_png,PSWJ_tex_json,PSWJ_ske_json,PSWJ_tex_png","name":"effectFilter"}],"resources":[{"url":"assets/base/module/loading/LoadingSkin.exml","type":"bin","name":"LoadingSkin_exml"},{"url":"assets/base/module/login/LoginSkin.exml","type":"bin","name":"LoginSkin_exml"},{"url":"assets/base/sheet/componet.json","type":"sheet","name":"componet_json","subkeys":"border_png,button_down_png,button_up_png,checkbox_select_disabled_png,checkbox_select_down_png,checkbox_select_up_png,checkbox_unselect_png,handle_png,header_png,off_png,on_png,radiobutton_select_disabled_png,radiobutton_select_down_png,radiobutton_select_up_png,radiobutton_unselect_png,roundthumb_png,selected_png,thumb_pb_png,thumb_png,track_pb_png,track_png,track_sb_png,tracklight_png"},{"url":"assets/base/effect/dianji_tex.png","type":"image","name":"dianji_tex_png"},{"url":"assets/base/effect/dianji_mc.json","type":"json","name":"dianji_mc_json"},{"url":"assets/base/sheet/gamehall.json","type":"sheet","name":"gamehall_json","subkeys":"gamehall_bg,gamehall_biaotou,gamehall_dengdai,gamehall_guang,gamehall_new,gamehall_relianzhong,gamehall_suipian"},{"url":"assets/base/sheet/roledetail.json","type":"sheet","name":"roledetail_json","subkeys":"roledetail_anniu,roledetail_biaoqian,roledetail_bottom,roledetail_duqu,roledetail_huiyi,roledetail_juese,roledetail_line,roledetail_mask,roledetail_title_flag,roledetail_xin1,roledetail_xin2,roledetail_xin3,roledetail_zhezhao"},{"url":"assets/base/sheet/ghsetting.json","type":"sheet","name":"ghsetting_json","subkeys":"ghsetting_bg_png,ghsetting_music_png,ghsetting_play_png,ghsetting_rail_png,ghsetting_select_png,ghsetting_sound_png,ghsetting_voice_png"},{"url":"assets/base/image/gamehall_1.png","type":"image","name":"gamehall_1_png"},{"url":"assets/base/image/gamehall_2.png","type":"image","name":"gamehall_2_png"},{"url":"assets/base/module/login/TouristloginSkin.exml","type":"bin","name":"TouristloginSkin_exml"},{"url":"assets/base/module/login/UserAgreementSkin.exml","type":"bin","name":"UserAgreementSkin_exml"},{"url":"assets/base/module/roledetail/HeroniesDetailSkin.exml","type":"bin","name":"HeroniesDetailSkin_exml"},{"url":"assets/base/module/roledetail/HeroniesLabelSkin.exml","type":"bin","name":"HeroniesLabelSkin_exml"},{"url":"assets/base/module/window/WindowViewSkin.exml","type":"bin","name":"WindowViewSkin_exml"},{"url":"assets/base/module/gamehall/GameHallItemSkin.exml","type":"bin","name":"GameHallItemSkin_exml"},{"url":"assets/base/module/gamehall/GameHallSettingSkin.exml","type":"bin","name":"GameHallSettingSkin_exml"},{"url":"assets/base/module/gamehall/GameHallSkin.exml","type":"bin","name":"GameHallSkin_exml"},{"url":"assets/base/image/loading_res_bg.jpg","type":"image","name":"loading_res_bg_jpg"},{"url":"assets/fangDong/module/GameFangDongSkin.exml","type":"bin","name":"GameFangDongSkin_exml"},{"url":"assets/base/module/roledetail/HeroniesBuySkin.exml","type":"bin","name":"HeroniesBuySkin_exml"},{"url":"assets/base/module/roledetail/HeroniesSettingSkin.exml","type":"bin","name":"HeroniesSettingSkin_exml"},{"url":"assets/base/module/loading/LoadingResSkin.exml","type":"bin","name":"LoadingResSkin_exml"},{"url":"assets/fangDong/module/GameFangDongSelectViewSkin.exml","type":"bin","name":"GameFangDongSelectViewSkin_exml"},{"url":"assets/base/image/memory_end_null.png","type":"image","name":"memory_end_null_png"},{"url":"assets/base/module/gamehall/GameHallChangePasswordSkin.exml","type":"bin","name":"GameHallChangePasswordSkin_exml"},{"url":"assets/base/module/component/BaseButtonSkin.exml","type":"bin","name":"BaseButtonSkin_exml"},{"url":"assets/base/module/component/ImageButtonSkin.exml","type":"bin","name":"ImageButtonSkin_exml"},{"url":"assets/base/module/memory/MemoryVideoSkin.exml","type":"bin","name":"MemoryVideoSkin_exml"},{"url":"assets/base/module/memory/MemoryViewSkin.exml","type":"bin","name":"MemoryViewSkin_exml"},{"url":"assets/base/sheet/memory.json","type":"sheet","name":"memory_json","subkeys":"memory_bizhi_png,memory_bofang_png,memory_btn0_png,memory_btn1_png,memory_btn2_png,memory_downbg_png,memory_iconbg_png,memory_jieju_png,memory_new_png,memory_shipin_png,memory_titlebg_png,memory_using_png"},{"url":"assets/base/image/imgAlpha.png","type":"image","name":"imgAlpha_png"},{"url":"assets/fangDong/module/GameFangDongMenuSkin.exml","type":"bin","name":"GameFangDongMenuSkin_exml"},{"url":"assets/base/module/bename/BenameSkin.exml","type":"bin","name":"BenameSkin_exml"},{"url":"assets/base/module/login/button/Button2Skin.exml","type":"bin","name":"Button2Skin_exml"},{"url":"assets/base/module/login/button/Button3Skin.exml","type":"bin","name":"Button3Skin_exml"},{"url":"assets/base/module/video/VideoButtonSkin.exml","type":"bin","name":"VideoButtonSkin_exml"},{"url":"assets/fangDong/module/GameFangDongReviewSkin.exml","type":"bin","name":"GameFangDongReviewSkin_exml"},{"url":"assets/base/sheet/video.json","type":"sheet","name":"video_json","subkeys":"video_bofang_png"},{"url":"assets/base/module/common/GameShareSkin.exml","type":"bin","name":"GameShareSkin_exml"},{"url":"assets/base/sheet/record.json","type":"sheet","name":"record_json","subkeys":"record_begin_png,record_itembg_png,record_nocontent_png"},{"url":"assets/base/module/record/RecordItemSkin.exml","type":"bin","name":"RecordItemSkin_exml"},{"url":"assets/base/module/record/RecordSkin.exml","type":"bin","name":"RecordSkin_exml"},{"url":"assets/base/module/common/AlertSkin.exml","type":"bin","name":"AlertSkin_exml"},{"url":"assets/base/music/bgm/Lovehome.mp3","type":"sound","name":"Lovehome_mp3"},{"url":"assets/base/music/sound/click.mp3","type":"sound","name":"click_mp3"},{"url":"assets/base/music/sound/notice.mp3","type":"sound","name":"notice_mp3"},{"url":"assets/base/music/sound/bubble.mp3","type":"sound","name":"bubble_mp3"},{"url":"assets/base/module/common/RetryConnectSkin.exml","type":"bin","name":"RetryConnectSkin_exml"},{"url":"assets/base/music/sound/panelClose.mp3","type":"sound","name":"panelClose_mp3"},{"url":"assets/base/music/sound/heart.mp3","type":"sound","name":"heart_mp3"},{"url":"assets/base/music/sound/message.mp3","type":"sound","name":"message_mp3"},{"url":"assets/base/music/sound/scrollPaper.mp3","type":"sound","name":"scrollPaper_mp3"},{"url":"assets/base/music/sound/write.mp3","type":"sound","name":"write_mp3"},{"url":"assets/base/music/sound/film.mp3","type":"sound","name":"film_mp3"},{"url":"assets/base/dragon/jindutiao2_tex.png","type":"image","name":"jindutiao2_tex_png"},{"url":"assets/base/dragon/jindutiao2_tex.json","type":"json","name":"jindutiao2_tex_json"},{"url":"assets/base/dragon/jindutiao2_ske.json","type":"json","name":"jindutiao2_ske_json"},{"url":"assets/game2/assets/font/shuzi1.fnt","type":"font","name":"shuzi1_fnt"},{"url":"assets/game2/assets/font/shuzi1.png","type":"image","name":"shuzi1_png"},{"url":"assets/game2/assets/font/shuzi2.fnt","type":"font","name":"shuzi2_fnt"},{"url":"assets/game2/assets/font/shuzi2.png","type":"image","name":"shuzi2_png"},{"url":"assets/game2/assets/font/shuzi3.fnt","type":"font","name":"shuzi3_fnt"},{"url":"assets/game2/assets/font/shuzi3.png","type":"image","name":"shuzi3_png"},{"url":"assets/game2/assets/font/xinjian.fnt","type":"font","name":"xinjian_fnt"},{"url":"assets/game2/assets/font/xinjian.png","type":"image","name":"xinjian_png"},{"url":"assets/game2/assets/load/load_bg1.jpg","type":"image","name":"load_bg1_jpg"},{"url":"assets/game2/assets/load/load_jindutiao1.png","type":"image","name":"load_jindutiao1_png"},{"url":"assets/game2/assets/load/load_jindutiao2.png","type":"image","name":"load_jindutiao2_png"},{"url":"assets/game2/assets/dlc/dlc_6bay_text.png","type":"image","name":"dlc_6bay_text_png"},{"url":"assets/game2/assets/dlc/dlc_big_start_1.png","type":"image","name":"dlc_big_start_1_png"},{"url":"assets/game2/assets/dlc/dlc_big_start_2.png","type":"image","name":"dlc_big_start_2_png"},{"url":"assets/game2/assets/dlc/dlc_big_start_3.png","type":"image","name":"dlc_big_start_3_png"},{"url":"assets/game2/assets/dlc/dlc_button_select.png","type":"image","name":"dlc_button_select_png"},{"url":"assets/game2/assets/dlc/dlc_button_unSelect.png","type":"image","name":"dlc_button_unSelect_png"},{"url":"assets/game2/assets/dlc/dlc_icon.png","type":"image","name":"dlc_icon_png"},{"url":"assets/game2/assets/dlc/dlc_icon_1.png","type":"image","name":"dlc_icon_1_png"},{"url":"assets/game2/assets/dlc/dlc_icon_2.png","type":"image","name":"dlc_icon_2_png"},{"url":"assets/game2/assets/dlc/dlc_icon_3.png","type":"image","name":"dlc_icon_3_png"},{"url":"assets/game2/assets/dlc/dlc_icon_4.png","type":"image","name":"dlc_icon_4_png"},{"url":"assets/game2/assets/dlc/dlc_icon_5.png","type":"image","name":"dlc_icon_5_png"},{"url":"assets/game2/assets/dlc/dlc_icon_6.png","type":"image","name":"dlc_icon_6_png"},{"url":"assets/game2/assets/dlc/dlc_kuang_1.png","type":"image","name":"dlc_kuang_1_png"},{"url":"assets/game2/assets/dlc/dlc_kuang_2.png","type":"image","name":"dlc_kuang_2_png"},{"url":"assets/game2/assets/dlc/dlc_kuang_3.png","type":"image","name":"dlc_kuang_3_png"},{"url":"assets/game2/assets/dlc/dlc_kuang_4.png","type":"image","name":"dlc_kuang_4_png"},{"url":"assets/game2/assets/dlc/dlc_kuang_5.png","type":"image","name":"dlc_kuang_5_png"},{"url":"assets/game2/assets/dlc/dlc_kuang_6.png","type":"image","name":"dlc_kuang_6_png"},{"url":"assets/game2/assets/dlc/dlc_kuang_7.png","type":"image","name":"dlc_kuang_7_png"},{"url":"assets/game2/assets/dlc/dlc_kuang_8.png","type":"image","name":"dlc_kuang_8_png"},{"url":"assets/game2/assets/dlc/dlc_kuang_9.png","type":"image","name":"dlc_kuang_9_png"},{"url":"assets/game2/assets/dlc/dlc_panel_1.png","type":"image","name":"dlc_panel_1_png"},{"url":"assets/game2/assets/dlc/dlc_panel_2.png","type":"image","name":"dlc_panel_2_png"},{"url":"assets/game2/assets/dlc/dlc_panel_3.png","type":"image","name":"dlc_panel_3_png"},{"url":"assets/game2/assets/dlc/dlc_panel_4.png","type":"image","name":"dlc_panel_4_png"},{"url":"assets/game2/assets/dlc/dlc_panel_over.png","type":"image","name":"dlc_panel_over_png"},{"url":"assets/game2/assets/dlc/dlc_photo_bg.png","type":"image","name":"dlc_photo_bg_png"},{"url":"assets/game2/assets/dlc/dlc_select_icon.png","type":"image","name":"dlc_select_icon_png"},{"url":"assets/game2/assets/dlc/dlc_startButton_text.png","type":"image","name":"dlc_startButton_text_png"},{"url":"assets/game2/assets/dlc/dlc_start_1.png","type":"image","name":"dlc_start_1_png"},{"url":"assets/game2/assets/dlc/dlc_start_2.png","type":"image","name":"dlc_start_2_png"},{"url":"assets/game2/assets/dlc/dlc_start_3.png","type":"image","name":"dlc_start_3_png"},{"url":"assets/game2/assets/dlc/dlc_text_back.png","type":"image","name":"dlc_text_back_png"},{"url":"assets/game2/assets/dlc/dlc_text_kuang_10.png","type":"image","name":"dlc_text_kuang_10_png"},{"url":"assets/game2/assets/dlc/dlc_text_next.png","type":"image","name":"dlc_text_next_png"},{"url":"assets/game2/assets/dlc/dlc_unselect_icon.png","type":"image","name":"dlc_unselect_icon_png"},{"url":"assets/game2/view/common/LoadingLockSkin.exml","type":"bin","name":"LoadingLockSkin_exml"},{"url":"assets/game2/view/common/Message2ListSkin.exml","type":"bin","name":"Message2ListSkin_exml"},{"url":"assets/game2/view/common/Message3ListSkin.exml","type":"bin","name":"Message3ListSkin_exml"},{"url":"assets/game2/view/common/Message4ListSkin.exml","type":"bin","name":"Message4ListSkin_exml"},{"url":"assets/game2/view/dialog/ConfirmDialogSkin.exml","type":"bin","name":"ConfirmDialogSkin_exml"},{"url":"assets/game2/view/dialog/GameOverDialogSkin.exml","type":"bin","name":"GameOverDialogSkin_exml"},{"url":"assets/game2/view/dialog/NoticeDialogSkin.exml","type":"bin","name":"NoticeDialogSkin_exml"},{"url":"assets/game2/view/dialog/PlayVideoDialogSkin.exml","type":"bin","name":"PlayVideoDialogSkin_exml"},{"url":"assets/game2/view/dialog/ShareGainDialogSkin.exml","type":"bin","name":"ShareGainDialogSkin_exml"},{"url":"assets/game2/view/dialog/SureDialogSkin.exml","type":"bin","name":"SureDialogSkin_exml"},{"url":"assets/game2/view/dlc/DlcMainDocSkin.exml","type":"bin","name":"DlcMainDocSkin_exml"},{"url":"assets/game2/view/dlc/DlcMainGameOverSkin.exml","type":"bin","name":"DlcMainGameOverSkin_exml"},{"url":"assets/game2/view/dlc/DlcMainGameSkin.exml","type":"bin","name":"DlcMainGameSkin_exml"},{"url":"assets/game2/view/dlc/DlcMainPanelInfoItemSkin.exml","type":"bin","name":"DlcMainPanelInfoItemSkin_exml"},{"url":"assets/game2/view/dlc/DlcMainPanelItemSkin.exml","type":"bin","name":"DlcMainPanelItemSkin_exml"},{"url":"assets/game2/view/dlc/DlcMainPanelSkin.exml","type":"bin","name":"DlcMainPanelSkin_exml"},{"url":"assets/game2/view/panel/MysteriousShopItemSkin.exml","type":"bin","name":"MysteriousShopItemSkin_exml"},{"url":"assets/game2/view/panel/MysteriousShopSkin.exml","type":"bin","name":"MysteriousShopSkin_exml"},{"url":"assets/game2/assets/anim/loading/loadingAnim.png","type":"image","name":"loadingAnim_png"},{"url":"assets/game2/assets/anim/upgrade/upgradeAnim.png","type":"image","name":"upgradeAnim_png"},{"url":"assets/game2/assets/dlc/dlc_doc_p/dlc_doc_p1.jpg","type":"image","name":"dlc_doc_p1_jpg"},{"url":"assets/game2/assets/dlc/dlc_doc_p/dlc_doc_p2.jpg","type":"image","name":"dlc_doc_p2_jpg"},{"url":"assets/game2/assets/dlc/dlc_doc_p/dlc_doc_p3.jpg","type":"image","name":"dlc_doc_p3_jpg"},{"url":"assets/game2/assets/dlc/dlc_doc_p/dlc_doc_p4.jpg","type":"image","name":"dlc_doc_p4_jpg"},{"url":"assets/game2/assets/dlc/dlc_doc_p/dlc_doc_p5.jpg","type":"image","name":"dlc_doc_p5_jpg"},{"url":"assets/game2/assets/xin2/act/act_30yuan.png","type":"image","name":"act_30yuan_png"},{"url":"assets/game2/assets/xin2/act/act_bg.png","type":"image","name":"act_bg_png"},{"url":"assets/game2/assets/xin2/act/act_btn.png","type":"image","name":"act_btn_png"},{"url":"assets/game2/assets/xin2/act/act_btn0.png","type":"image","name":"act_btn0_png"},{"url":"assets/game2/assets/xin2/act/act_btn1.png","type":"image","name":"act_btn1_png"},{"url":"assets/game2/assets/xin2/act/act_btn2.png","type":"image","name":"act_btn2_png"},{"url":"assets/game2/assets/xin2/act/act_btn_bg.png","type":"image","name":"act_btn_bg_png"},{"url":"assets/game2/assets/xin2/act/act_btn_bg2.png","type":"image","name":"act_btn_bg2_png"},{"url":"assets/game2/assets/xin2/act/act_day_bg.png","type":"image","name":"act_day_bg_png"},{"url":"assets/game2/assets/xin2/act/act_gift_inputbg.png","type":"image","name":"act_gift_inputbg_png"},{"url":"assets/game2/assets/xin2/act/act_lingqu.png","type":"image","name":"act_lingqu_png"},{"url":"assets/game2/assets/xin2/act/act_page0_title.png","type":"image","name":"act_page0_title_png"},{"url":"assets/game2/assets/xin2/act/act_page0_title_01.png","type":"image","name":"act_page0_title_01_png"},{"url":"assets/game2/assets/xin2/act/act_page1_content.png","type":"image","name":"act_page1_content_png"},{"url":"assets/game2/assets/xin2/act/act_page2_content.png","type":"image","name":"act_page2_content_png"},{"url":"assets/game2/assets/xin2/act/act_page4_inputbg.png","type":"image","name":"act_page4_inputbg_png"},{"url":"assets/game2/assets/xin2/act/act_page4_title.png","type":"image","name":"act_page4_title_png"},{"url":"assets/game2/assets/xin2/act/act_page6_content.png","type":"image","name":"act_page6_content_png"},{"url":"assets/game2/assets/xin2/act/act_receive_black.png","type":"image","name":"act_receive_black_png"},{"url":"assets/game2/assets/xin2/act/act_receive_btn0.png","type":"image","name":"act_receive_btn0_png"},{"url":"assets/game2/assets/xin2/act/act_receive_btn1.png","type":"image","name":"act_receive_btn1_png"},{"url":"assets/game2/assets/xin2/act/act_receive_btn_black.png","type":"image","name":"act_receive_btn_black_png"},{"url":"assets/game2/assets/xin2/act/act_red_tip.png","type":"image","name":"act_red_tip_png"},{"url":"assets/game2/assets/xin2/act/act_shouchong_btn.png","type":"image","name":"act_shouchong_btn_png"},{"url":"assets/game2/assets/xin2/act/act_title.png","type":"image","name":"act_title_png"},{"url":"assets/game2/assets/xin2/act/act_yilingqu.png","type":"image","name":"act_yilingqu_png"},{"url":"assets/game2/assets/xin2/follow/follow_btn.png","type":"image","name":"follow_btn_png"},{"url":"assets/game2/assets/xin2/bag/bag2_BG.jpg","type":"image","name":"bag2_BG_jpg"},{"url":"assets/game2/assets/xin2/bag/bag2_baidi.png","type":"image","name":"bag2_baidi_png"},{"url":"assets/game2/assets/xin2/bag/bag2_dangao.png","type":"image","name":"bag2_dangao_png"},{"url":"assets/game2/assets/xin2/bag/bag2_ditu.png","type":"image","name":"bag2_ditu_png"},{"url":"assets/game2/assets/xin2/bag/bag2_gundongtiao.png","type":"image","name":"bag2_gundongtiao_png"},{"url":"assets/game2/assets/xin2/bag/bag2_gundongtiao1.png","type":"image","name":"bag2_gundongtiao1_png"},{"url":"assets/game2/assets/xin2/bag/bag2_jiahao.png","type":"image","name":"bag2_jiahao_png"},{"url":"assets/game2/assets/xin2/bag/bag2_jiahao1.png","type":"image","name":"bag2_jiahao1_png"},{"url":"assets/game2/assets/xin2/bag/bag2_jianhao.png","type":"image","name":"bag2_jianhao_png"},{"url":"assets/game2/assets/xin2/bag/bag2_jianhao1.png","type":"image","name":"bag2_jianhao1_png"},{"url":"assets/game2/assets/xin2/bag/bag2_lvseanniu.png","type":"image","name":"bag2_lvseanniu_png"},{"url":"assets/game2/assets/xin2/bag/bag2_qianwansahngcheng.png","type":"image","name":"bag2_qianwansahngcheng_png"},{"url":"assets/game2/assets/xin2/bag/bag2_queding.png","type":"image","name":"bag2_queding_png"},{"url":"assets/game2/assets/xin2/bag/bag2_quxiao.png","type":"image","name":"bag2_quxiao_png"},{"url":"assets/game2/assets/xin2/bag/bag2_tiantianquan.png","type":"image","name":"bag2_tiantianquan_png"},{"url":"assets/game2/assets/xin2/bag/bag2_toumingdi.png","type":"image","name":"bag2_toumingdi_png"},{"url":"assets/game2/assets/xin2/bag/bag2_tupianceng.png","type":"image","name":"bag2_tupianceng_png"},{"url":"assets/game2/assets/xin2/bag/bag2_zhezhao.png","type":"image","name":"bag2_zhezhao_png"},{"url":"assets/game2/assets/xin2/bag/bag2_zhezhao1.png","type":"image","name":"bag2_zhezhao1_png"},{"url":"assets/game2/assets/xin2/bag/bag2_zhishibing.png","type":"image","name":"bag2_zhishibing_png"},{"url":"assets/game2/assets/xin2/bag/beibao-dangao.png","type":"image","name":"beibao-dangao_png"},{"url":"assets/game2/assets/xin2/login/login2_denglu.png","type":"image","name":"login2_denglu_png"},{"url":"assets/game2/assets/xin2/login/login2_ditu.png","type":"image","name":"login2_ditu_png"},{"url":"assets/game2/assets/xin2/login/login2_ditu2.png","type":"image","name":"login2_ditu2_png"},{"url":"assets/game2/assets/xin2/login/login2_ditu3.png","type":"image","name":"login2_ditu3_png"},{"url":"assets/game2/assets/xin2/login/login2_fanhui.png","type":"image","name":"login2_fanhui_png"},{"url":"assets/game2/assets/xin2/login/login2_hongseanniu.png","type":"image","name":"login2_hongseanniu_png"},{"url":"assets/game2/assets/xin2/login/login2_kaishi.png","type":"image","name":"login2_kaishi_png"},{"url":"assets/game2/assets/xin2/login/login2_lvseanniu.png","type":"image","name":"login2_lvseanniu_png"},{"url":"assets/game2/assets/xin2/login/login2_qingquerenmima.png","type":"image","name":"login2_qingquerenmima_png"},{"url":"assets/game2/assets/xin2/login/login2_qingshurumima.png","type":"image","name":"login2_qingshurumima_png"},{"url":"assets/game2/assets/xin2/login/login2_qingshuruzhzanghao.png","type":"image","name":"login2_qingshuruzhzanghao_png"},{"url":"assets/game2/assets/xin2/login/login2_queding.png","type":"image","name":"login2_queding_png"},{"url":"assets/game2/assets/xin2/login/login2_ren.png","type":"image","name":"login2_ren_png"},{"url":"assets/game2/assets/xin2/login/login2_shaizi.png","type":"image","name":"login2_shaizi_png"},{"url":"assets/game2/assets/xin2/login/login2_suo.png","type":"image","name":"login2_suo_png"},{"url":"assets/game2/assets/xin2/login/login2_yuanxinganniu.png","type":"image","name":"login2_yuanxinganniu_png"},{"url":"assets/game2/assets/xin2/login/login2_zhanghaodenglu.png","type":"image","name":"login2_zhanghaodenglu_png"},{"url":"assets/game2/assets/xin2/login/login2_zhanghaozhuce.png","type":"image","name":"login2_zhanghaozhuce_png"},{"url":"assets/game2/assets/xin2/login/login2_zhuce.png","type":"image","name":"login2_zhuce_png"},{"url":"assets/game2/assets/xin2/login/login_logo.png","type":"image","name":"login_logo_png"},{"url":"assets/game2/assets/xin2/gift/gift_X.png","type":"image","name":"gift_X_png"},{"url":"assets/game2/assets/xin2/gift/gift_anniuxiadeguang.png","type":"image","name":"gift_anniuxiadeguang_png"},{"url":"assets/game2/assets/xin2/gift/gift_biaoti.png","type":"image","name":"gift_biaoti_png"},{"url":"assets/game2/assets/xin2/gift/gift_ditu.png","type":"image","name":"gift_ditu_png"},{"url":"assets/game2/assets/xin2/gift/gift_goumai.png","type":"image","name":"gift_goumai_png"},{"url":"assets/game2/assets/xin2/gift/gift_jiaqian.png","type":"image","name":"gift_jiaqian_png"},{"url":"assets/game2/assets/xin2/gift/gift_jinbi.png","type":"image","name":"gift_jinbi_png"},{"url":"assets/game2/assets/xin2/gift/gift_jinbi1.png","type":"image","name":"gift_jinbi1_png"},{"url":"assets/game2/assets/xin2/gift/gift_wenzixinxi.png","type":"image","name":"gift_wenzixinxi_png"},{"url":"assets/game2/assets/xin2/gift/gift_youbiandeqiqiu.png","type":"image","name":"gift_youbiandeqiqiu_png"},{"url":"assets/game2/assets/xin2/gift/gift_zuobiandeqiqiu.png","type":"image","name":"gift_zuobiandeqiqiu_png"},{"url":"assets/game2/assets/xin2/gift/libao_cd.png","type":"image","name":"libao_cd_png"},{"url":"assets/game2/assets/xin2/gift/libao_finish.png","type":"image","name":"libao_finish_png"},{"url":"assets/game2/assets/xin2/gift/libao_miaohui.png","type":"image","name":"libao_miaohui_png"},{"url":"assets/game2/assets/xin2/gift/libao_title1.png","type":"image","name":"libao_title1_png"},{"url":"assets/game2/assets/xin2/gift/libao_title2.png","type":"image","name":"libao_title2_png"},{"url":"assets/game2/assets/xin2/gift/libao_title3.png","type":"image","name":"libao_title3_png"},{"url":"assets/game2/assets/xin2/gift/libao_title4.png","type":"image","name":"libao_title4_png"},{"url":"assets/game2/assets/xin2/gift/libao_video.png","type":"image","name":"libao_video_png"},{"url":"assets/game2/assets/xin2/gift/tili_bg.png","type":"image","name":"tili_bg_png"},{"url":"assets/game2/assets/xin2/gift/tili_linqu.png","type":"image","name":"tili_linqu_png"},{"url":"assets/game2/assets/xin2/gift/tili_text.png","type":"image","name":"tili_text_png"},{"url":"assets/game2/assets/xin2/gift/tili_title.png","type":"image","name":"tili_title_png"},{"url":"assets/game2/assets/xin2/gift/tili_yilinqu.png","type":"image","name":"tili_yilinqu_png"},{"url":"assets/game2/assets/xin2/bgs/game_bg_10a_bg.jpg","type":"image","name":"game_bg_10a_bg_jpg"},{"url":"assets/game2/assets/xin2/bgs/game_bg_11a_bg.jpg","type":"image","name":"game_bg_11a_bg_jpg"},{"url":"assets/game2/assets/xin2/bgs/game_bg_1a_bg.jpg","type":"image","name":"game_bg_1a_bg_jpg"},{"url":"assets/game2/assets/xin2/bgs/game_bg_2a_bg.jpg","type":"image","name":"game_bg_2a_bg_jpg"},{"url":"assets/game2/assets/xin2/bgs/game_bg_3a_bg.jpg","type":"image","name":"game_bg_3a_bg_jpg"},{"url":"assets/game2/assets/xin2/bgs/game_bg_4a_bg.jpg","type":"image","name":"game_bg_4a_bg_jpg"},{"url":"assets/game2/assets/xin2/bgs/game_bg_5a_bg.jpg","type":"image","name":"game_bg_5a_bg_jpg"},{"url":"assets/game2/assets/xin2/bgs/game_bg_6a_bg.jpg","type":"image","name":"game_bg_6a_bg_jpg"},{"url":"assets/game2/assets/xin2/bgs/game_bg_7a_bg.jpg","type":"image","name":"game_bg_7a_bg_jpg"},{"url":"assets/game2/assets/xin2/bgs/game_bg_8a_bg.jpg","type":"image","name":"game_bg_8a_bg_jpg"},{"url":"assets/game2/assets/xin2/bgs/game_bg_9a_bg.jpg","type":"image","name":"game_bg_9a_bg_jpg"},{"url":"assets/game2/assets/xin2/main/laba.png","type":"image","name":"laba_png"},{"url":"assets/game2/assets/xin2/main/main2_MAX.png","type":"image","name":"main2_MAX_png"},{"url":"assets/game2/assets/xin2/main/main2_beibao.png","type":"image","name":"main2_beibao_png"},{"url":"assets/game2/assets/xin2/main/main2_beijingtu_1.jpg","type":"image","name":"main2_beijingtu_1_jpg"},{"url":"assets/game2/assets/xin2/main/main2_beijingtu_2.jpg","type":"image","name":"main2_beijingtu_2_jpg"},{"url":"assets/game2/assets/xin2/main/main2_dianhua.png","type":"image","name":"main2_dianhua_png"},{"url":"assets/game2/assets/xin2/main/main2_ditu.png","type":"image","name":"main2_ditu_png"},{"url":"assets/game2/assets/xin2/main/main2_fuli.png","type":"image","name":"main2_fuli_png"},{"url":"assets/game2/assets/xin2/main/main2_gongzuo.png","type":"image","name":"main2_gongzuo_png"},{"url":"assets/game2/assets/xin2/main/main2_jiahao1.png","type":"image","name":"main2_jiahao1_png"},{"url":"assets/game2/assets/xin2/main/main2_jiahao2.png","type":"image","name":"main2_jiahao2_png"},{"url":"assets/game2/assets/xin2/main/main2_jiahao3.png","type":"image","name":"main2_jiahao3_png"},{"url":"assets/game2/assets/xin2/main/main2_jinbi.png","type":"image","name":"main2_jinbi_png"},{"url":"assets/game2/assets/xin2/main/main2_lianai.png","type":"image","name":"main2_lianai_png"},{"url":"assets/game2/assets/xin2/main/main2_lingqu.png","type":"image","name":"main2_lingqu_png"},{"url":"assets/game2/assets/xin2/main/main2_logo.png","type":"image","name":"main2_logo_png"},{"url":"assets/game2/assets/xin2/main/main2_main2_tilitiao.png","type":"image","name":"main2_main2_tilitiao_png"},{"url":"assets/game2/assets/xin2/main/main2_main3_tilizhi.png","type":"image","name":"main2_main3_tilizhi_png"},{"url":"assets/game2/assets/xin2/main/main2_qiandao.png","type":"image","name":"main2_qiandao_png"},{"url":"assets/game2/assets/xin2/main/main2_shangcheng.png","type":"image","name":"main2_shangcheng_png"},{"url":"assets/game2/assets/xin2/main/main2_shezhi.png","type":"image","name":"main2_shezhi_png"},{"url":"assets/game2/assets/xin2/main/main2_shipin.png","type":"image","name":"main2_shipin_png"},{"url":"assets/game2/assets/xin2/main/main2_tianshu.png","type":"image","name":"main2_tianshu_png"},{"url":"assets/game2/assets/xin2/main/main2_tili.png","type":"image","name":"main2_tili_png"},{"url":"assets/game2/assets/xin2/main/main2_tili2.png","type":"image","name":"main2_tili2_png"},{"url":"assets/game2/assets/xin2/main/main2_tilitiao.png","type":"image","name":"main2_tilitiao_png"},{"url":"assets/game2/assets/xin2/main/main2_tilizhi-aixin.png","type":"image","name":"main2_tilizhi-aixin_png"},{"url":"assets/game2/assets/xin2/main/main2_tilizhi.png","type":"image","name":"main2_tilizhi_png"},{"url":"assets/game2/assets/xin2/main/main2_tishi.png","type":"image","name":"main2_tishi_png"},{"url":"assets/game2/assets/xin2/main/main2_tishiditu.png","type":"image","name":"main2_tishiditu_png"},{"url":"assets/game2/assets/xin2/main/main2_toumingdi.png","type":"image","name":"main2_toumingdi_png"},{"url":"assets/game2/assets/xin2/main/main2_tubiaodi.png","type":"image","name":"main2_tubiaodi_png"},{"url":"assets/game2/assets/xin2/main/main2_weibo.png","type":"image","name":"main2_weibo_png"},{"url":"assets/game2/assets/xin2/main/main2_weixin.png","type":"image","name":"main2_weixin_png"},{"url":"assets/game2/assets/xin2/main/main2_zhezhao_1.png","type":"image","name":"main2_zhezhao_1_png"},{"url":"assets/game2/assets/xin2/main/main2_zuanshi.png","type":"image","name":"main2_zuanshi_png"},{"url":"assets/game2/assets/xin2/main/main_buy_tip.png","type":"image","name":"main_buy_tip_png"},{"url":"assets/game2/assets/xin2/main/main_notice_01.png","type":"image","name":"main_notice_01_png"},{"url":"assets/game2/assets/xin2/main/main_notice_02.png","type":"image","name":"main_notice_02_png"},{"url":"assets/game2/assets/xin2/main/main_notice_03.png","type":"image","name":"main_notice_03_png"},{"url":"assets/game2/assets/xin2/main/main_notice_04.png","type":"image","name":"main_notice_04_png"},{"url":"assets/game2/assets/xin2/main/main_notice_05.png","type":"image","name":"main_notice_05_png"},{"url":"assets/game2/assets/xin2/main/main_notice_06.png","type":"image","name":"main_notice_06_png"},{"url":"assets/game2/assets/xin2/main/main_notice_di01.png","type":"image","name":"main_notice_di01_png"},{"url":"assets/game2/assets/xin2/main/main_notice_di02.png","type":"image","name":"main_notice_di02_png"},{"url":"assets/game2/assets/xin2/main/sm_btn.png","type":"image","name":"sm_btn_png"},{"url":"assets/game2/assets/xin2/main/yindao_fang.png","type":"image","name":"yindao_fang_png"},{"url":"assets/game2/assets/xin2/main/yindao_gold.png","type":"image","name":"yindao_gold_png"},{"url":"assets/game2/assets/xin2/main/yindao_handdowm.png","type":"image","name":"yindao_handdowm_png"},{"url":"assets/game2/assets/xin2/main/yindao_handleft.png","type":"image","name":"yindao_handleft_png"},{"url":"assets/game2/assets/xin2/main/yindao_handup.png","type":"image","name":"yindao_handup_png"},{"url":"assets/game2/assets/xin2/main/yindao_heart.png","type":"image","name":"yindao_heart_png"},{"url":"assets/game2/assets/xin2/main/yindao_miao.png","type":"image","name":"yindao_miao_png"},{"url":"assets/game2/assets/xin2/main/yindao_quan.png","type":"image","name":"yindao_quan_png"},{"url":"assets/game2/assets/xin2/main/yindao_quan2.png","type":"image","name":"yindao_quan2_png"},{"url":"assets/game2/assets/xin2/main/yindao_quan3.png","type":"image","name":"yindao_quan3_png"},{"url":"assets/game2/assets/xin2/main/yindao_shuru.png","type":"image","name":"yindao_shuru_png"},{"url":"assets/game2/assets/xin2/main/yindao_work.png","type":"image","name":"yindao_work_png"},{"url":"assets/game2/assets/xin2/set/set2_ditu.png","type":"image","name":"set2_ditu_png"},{"url":"assets/game2/assets/xin2/set/set2_fuzhiid.png","type":"image","name":"set2_fuzhiid_png"},{"url":"assets/game2/assets/xin2/set/set2_guan.png","type":"image","name":"set2_guan_png"},{"url":"assets/game2/assets/xin2/set/set2_jianyi.png","type":"image","name":"set2_jianyi_png"},{"url":"assets/game2/assets/xin2/set/set2_kai.png","type":"image","name":"set2_kai_png"},{"url":"assets/game2/assets/xin2/set/set2_shezhi.png","type":"image","name":"set2_shezhi_png"},{"url":"assets/game2/assets/xin2/set/set2_toumingkuang.png","type":"image","name":"set2_toumingkuang_png"},{"url":"assets/game2/assets/xin2/set/set2_yinyue.png","type":"image","name":"set2_yinyue_png"},{"url":"assets/game2/assets/xin2/set/set2_youjian.png","type":"image","name":"set2_youjian_png"},{"url":"assets/game2/assets/xin2/set/set_line.png","type":"image","name":"set_line_png"},{"url":"assets/game2/assets/xin2/set/set_xieyi.png","type":"image","name":"set_xieyi_png"},{"url":"assets/game2/assets/xin2/set/xieyi_queding.png","type":"image","name":"xieyi_queding_png"},{"url":"assets/game2/assets/xin2/set/xieyi_title.png","type":"image","name":"xieyi_title_png"},{"url":"assets/game2/assets/xin2/set/youjian_bantoumingdi.png","type":"image","name":"youjian_bantoumingdi_png"},{"url":"assets/game2/assets/xin2/set/youjian_biaoti.png","type":"image","name":"youjian_biaoti_png"},{"url":"assets/game2/assets/xin2/set/youjian_ditu.png","type":"image","name":"youjian_ditu_png"},{"url":"assets/game2/assets/xin2/set/youjian_fujian.png","type":"image","name":"youjian_fujian_png"},{"url":"assets/game2/assets/xin2/set/youjian_lingqu.png","type":"image","name":"youjian_lingqu_png"},{"url":"assets/game2/assets/xin2/set/youjian_tubiao.png","type":"image","name":"youjian_tubiao_png"},{"url":"assets/game2/assets/xin2/set/youjian_youjian.png","type":"image","name":"youjian_youjian_png"},{"url":"assets/game2/assets/xin2/love/dacheng_1.png","type":"image","name":"dacheng_1_png"},{"url":"assets/game2/assets/xin2/love/dacheng_2.png","type":"image","name":"dacheng_2_png"},{"url":"assets/game2/assets/xin2/love/dacheng_3.png","type":"image","name":"dacheng_3_png"},{"url":"assets/game2/assets/xin2/love/dacheng_4.png","type":"image","name":"dacheng_4_png"},{"url":"assets/game2/assets/xin2/love/dacheng_dacheng.png","type":"image","name":"dacheng_dacheng_png"},{"url":"assets/game2/assets/xin2/love/dacheng_xin.png","type":"image","name":"dacheng_xin_png"},{"url":"assets/game2/assets/xin2/love/love2_bg.jpg","type":"image","name":"love2_bg_jpg"},{"url":"assets/game2/assets/xin2/love/love2_kaishi.png","type":"image","name":"love2_kaishi_png"},{"url":"assets/game2/assets/xin2/love/love2_tili.png","type":"image","name":"love2_tili_png"},{"url":"assets/game2/assets/xin2/love/love2_xindongzhi.png","type":"image","name":"love2_xindongzhi_png"},{"url":"assets/game2/assets/xin2/love/love2_zhezhao.png","type":"image","name":"love2_zhezhao_png"},{"url":"assets/game2/assets/xin2/love/tishi.png","type":"image","name":"tishi_png"},{"url":"assets/game2/assets/xin2/love/work2_anniu.png","type":"image","name":"work2_anniu_png"},{"url":"assets/game2/assets/xin2/love/work2_bg.jpg","type":"image","name":"work2_bg_jpg"},{"url":"assets/game2/assets/xin2/love/work2_ditu.png","type":"image","name":"work2_ditu_png"},{"url":"assets/game2/assets/xin2/love/work2_fachuandan.png","type":"image","name":"work2_fachuandan_png"},{"url":"assets/game2/assets/xin2/love/work2_gongzuo.png","type":"image","name":"work2_gongzuo_png"},{"url":"assets/game2/assets/xin2/love/work2_jianzhijiajiao.png","type":"image","name":"work2_jianzhijiajiao_png"},{"url":"assets/game2/assets/xin2/love/work2_jinbi.png","type":"image","name":"work2_jinbi_png"},{"url":"assets/game2/assets/xin2/love/work2_jindutiao.png","type":"image","name":"work2_jindutiao_png"},{"url":"assets/game2/assets/xin2/love/work2_jindutiaodi.png","type":"image","name":"work2_jindutiaodi_png"},{"url":"assets/game2/assets/xin2/love/work2_keshengzhi.png","type":"image","name":"work2_keshengzhi_png"},{"url":"assets/game2/assets/xin2/love/work2_shixiyuangong.png","type":"image","name":"work2_shixiyuangong_png"},{"url":"assets/game2/assets/xin2/love/work2_suozi.png","type":"image","name":"work2_suozi_png"},{"url":"assets/game2/assets/xin2/love/work2_tou.png","type":"image","name":"work2_tou_png"},{"url":"assets/game2/assets/xin2/love/work2_zhengshiyuangong.png","type":"image","name":"work2_zhengshiyuangong_png"},{"url":"assets/game2/assets/xin2/love/work2_zhezhao1.png","type":"image","name":"work2_zhezhao1_png"},{"url":"assets/game2/assets/xin2/love/work_shengzhi.png","type":"image","name":"work_shengzhi_png"},{"url":"assets/game2/assets/xin2/love/workpro_jindutiao1.png","type":"image","name":"workpro_jindutiao1_png"},{"url":"assets/game2/assets/xin2/love/workpro_jindutiao2.png","type":"image","name":"workpro_jindutiao2_png"},{"url":"assets/game2/assets/xin2/love/workpro_lijiwancheng.png","type":"image","name":"workpro_lijiwancheng_png"},{"url":"assets/game2/assets/xin2/share/sendToDe_btn.png","type":"image","name":"sendToDe_btn_png"},{"url":"assets/game2/assets/xin2/share/share_btn.png","type":"image","name":"share_btn_png"},{"url":"assets/game2/assets/xin2/share/share_content.png","type":"image","name":"share_content_png"},{"url":"assets/game2/assets/xin2/share/share_friend.png","type":"image","name":"share_friend_png"},{"url":"assets/game2/assets/xin2/share/share_qq.png","type":"image","name":"share_qq_png"},{"url":"assets/game2/assets/xin2/share/share_tip.png","type":"image","name":"share_tip_png"},{"url":"assets/game2/assets/xin2/share/share_title.png","type":"image","name":"share_title_png"},{"url":"assets/game2/assets/xin2/share/share_title2.png","type":"image","name":"share_title2_png"},{"url":"assets/game2/assets/xin2/share/share_weibo.png","type":"image","name":"share_weibo_png"},{"url":"assets/game2/assets/xin2/share/share_weixin.png","type":"image","name":"share_weixin_png"},{"url":"assets/game2/assets/xin2/share/share_zone.png","type":"image","name":"share_zone_png"},{"url":"assets/game2/assets/xin2/shipin/game_bg_10a.png","type":"image","name":"game_bg_10a_png"},{"url":"assets/game2/assets/xin2/shipin/game_bg_10a_b.png","type":"image","name":"game_bg_10a_b_png"},{"url":"assets/game2/assets/xin2/shipin/game_bg_11a.png","type":"image","name":"game_bg_11a_png"},{"url":"assets/game2/assets/xin2/shipin/game_bg_11a_b.png","type":"image","name":"game_bg_11a_b_png"},{"url":"assets/game2/assets/xin2/shipin/game_bg_1a.png","type":"image","name":"game_bg_1a_png"},{"url":"assets/game2/assets/xin2/shipin/game_bg_1a_b.png","type":"image","name":"game_bg_1a_b_png"},{"url":"assets/game2/assets/xin2/shipin/game_bg_2a.png","type":"image","name":"game_bg_2a_png"},{"url":"assets/game2/assets/xin2/shipin/game_bg_2a_b.png","type":"image","name":"game_bg_2a_b_png"},{"url":"assets/game2/assets/xin2/shipin/game_bg_3a.png","type":"image","name":"game_bg_3a_png"},{"url":"assets/game2/assets/xin2/shipin/game_bg_3a_b.png","type":"image","name":"game_bg_3a_b_png"},{"url":"assets/game2/assets/xin2/shipin/game_bg_4a.png","type":"image","name":"game_bg_4a_png"},{"url":"assets/game2/assets/xin2/shipin/game_bg_4a_b.png","type":"image","name":"game_bg_4a_b_png"},{"url":"assets/game2/assets/xin2/shipin/game_bg_5a.png","type":"image","name":"game_bg_5a_png"},{"url":"assets/game2/assets/xin2/shipin/game_bg_5a_b.png","type":"image","name":"game_bg_5a_b_png"},{"url":"assets/game2/assets/xin2/shipin/game_bg_6a.png","type":"image","name":"game_bg_6a_png"},{"url":"assets/game2/assets/xin2/shipin/game_bg_6a_b.png","type":"image","name":"game_bg_6a_b_png"},{"url":"assets/game2/assets/xin2/shipin/game_bg_7a.png","type":"image","name":"game_bg_7a_png"},{"url":"assets/game2/assets/xin2/shipin/game_bg_7a_b.png","type":"image","name":"game_bg_7a_b_png"},{"url":"assets/game2/assets/xin2/shipin/game_bg_8a.png","type":"image","name":"game_bg_8a_png"},{"url":"assets/game2/assets/xin2/shipin/game_bg_8a_b.png","type":"image","name":"game_bg_8a_b_png"},{"url":"assets/game2/assets/xin2/shipin/game_bg_9a.png","type":"image","name":"game_bg_9a_png"},{"url":"assets/game2/assets/xin2/shipin/game_bg_9a_b.png","type":"image","name":"game_bg_9a_b_png"},{"url":"assets/game2/assets/xin2/shipin/game_bg_icon.png","type":"image","name":"game_bg_icon_png"},{"url":"assets/game2/assets/xin2/shipin/game_bg_icon_1.png","type":"image","name":"game_bg_icon_1_png"},{"url":"assets/game2/assets/xin2/shipin/game_bg_none.png","type":"image","name":"game_bg_none_png"},{"url":"assets/game2/assets/xin2/shipin/game_sms_item_panel.png","type":"image","name":"game_sms_item_panel_png"},{"url":"assets/game2/assets/xin2/shipin/game_sms_pop_01.png","type":"image","name":"game_sms_pop_01_png"},{"url":"assets/game2/assets/xin2/shipin/game_sms_pop_02.png","type":"image","name":"game_sms_pop_02_png"},{"url":"assets/game2/assets/xin2/shipin/game_sms_pop_start.png","type":"image","name":"game_sms_pop_start_png"},{"url":"assets/game2/assets/xin2/shipin/game_sms_womon.png","type":"image","name":"game_sms_womon_png"},{"url":"assets/game2/assets/xin2/shipin/shipin2_BG.jpg","type":"image","name":"shipin2_BG_jpg"},{"url":"assets/game2/assets/xin2/shipin/shipin2_bofang.png","type":"image","name":"shipin2_bofang_png"},{"url":"assets/game2/assets/xin2/shipin/shipin2_heisebantoumingzhezhao.png","type":"image","name":"shipin2_heisebantoumingzhezhao_png"},{"url":"assets/game2/assets/xin2/shipin/shipin2_huiyi.png","type":"image","name":"shipin2_huiyi_png"},{"url":"assets/game2/assets/xin2/shipin/shipin2_jinbizhezhao.png","type":"image","name":"shipin2_jinbizhezhao_png"},{"url":"assets/game2/assets/xin2/shipin/shipin2_suo.png","type":"image","name":"shipin2_suo_png"},{"url":"assets/game2/assets/xin2/shipin/shipin2_zhencang.png","type":"image","name":"shipin2_zhencang_png"},{"url":"assets/game2/assets/xin2/shipin/shipin2_zizhezhao.png","type":"image","name":"shipin2_zizhezhao_png"},{"url":"assets/game2/assets/xin2/shipin/shipin_2_btn_line.png","type":"image","name":"shipin_2_btn_line_png"},{"url":"assets/game2/assets/xin2/shipin/shipin_2_btn_off.png","type":"image","name":"shipin_2_btn_off_png"},{"url":"assets/game2/assets/xin2/shipin/shipin_2_btn_on.png","type":"image","name":"shipin_2_btn_on_png"},{"url":"assets/game2/assets/xin2/shipin/shipin_2_btn_panel.png","type":"image","name":"shipin_2_btn_panel_png"},{"url":"assets/game2/assets/xin2/tel/hs_yuyin_1.png","type":"image","name":"hs_yuyin_1_png"},{"url":"assets/game2/assets/xin2/tel/tel2_aixin.png","type":"image","name":"tel2_aixin_png"},{"url":"assets/game2/assets/xin2/tel/tel2_bg.png","type":"image","name":"tel2_bg_png"},{"url":"assets/game2/assets/xin2/tel/tel2_bohao.png","type":"image","name":"tel2_bohao_png"},{"url":"assets/game2/assets/xin2/tel/tel2_bohaojiemian.png","type":"image","name":"tel2_bohaojiemian_png"},{"url":"assets/game2/assets/xin2/tel/tel2_guaduan.png","type":"image","name":"tel2_guaduan_png"},{"url":"assets/game2/assets/xin2/tel/tel2_shuzikuang.png","type":"image","name":"tel2_shuzikuang_png"},{"url":"assets/game2/assets/xin2/tel/tel2_xiaoguo.png","type":"image","name":"tel2_xiaoguo_png"},{"url":"assets/game2/assets/xin2/tel/tel2_xingxing.png","type":"image","name":"tel2_xingxing_png"},{"url":"assets/game2/assets/xin2/tel/tel2_zhengzaihujiao.png","type":"image","name":"tel2_zhengzaihujiao_png"},{"url":"assets/game2/assets/xin2/weibo/weibo2_BG.jpg","type":"image","name":"weibo2_BG_jpg"},{"url":"assets/game2/assets/xin2/weibo/weibo2_dianzan.png","type":"image","name":"weibo2_dianzan_png"},{"url":"assets/game2/assets/xin2/weibo/weibo2_pinglun.png","type":"image","name":"weibo2_pinglun_png"},{"url":"assets/game2/assets/xin2/weibo/weibo2_toumingdi.png","type":"image","name":"weibo2_toumingdi_png"},{"url":"assets/game2/assets/xin2/weibo/weibo2_weibo2_baidi.png","type":"image","name":"weibo2_weibo2_baidi_png"},{"url":"assets/game2/assets/xin2/weibo/weibo2_xin.png","type":"image","name":"weibo2_xin_png"},{"url":"assets/game2/assets/xin2/weibo/weibo2_xingbie.png","type":"image","name":"weibo2_xingbie_png"},{"url":"assets/game2/assets/xin2/shop/libao_ditu.png","type":"image","name":"libao_ditu_png"},{"url":"assets/game2/assets/xin2/shop/shop2_anniu.png","type":"image","name":"shop2_anniu_png"},{"url":"assets/game2/assets/xin2/shop/shop2_baobaoxiong.png","type":"image","name":"shop2_baobaoxiong_png"},{"url":"assets/game2/assets/xin2/shop/shop2_biaoqian.png","type":"image","name":"shop2_biaoqian_png"},{"url":"assets/game2/assets/xin2/shop/shop2_chaozhi.png","type":"image","name":"shop2_chaozhi_png"},{"url":"assets/game2/assets/xin2/shop/shop2_dangao.png","type":"image","name":"shop2_dangao_png"},{"url":"assets/game2/assets/xin2/shop/shop2_ditu.png","type":"image","name":"shop2_ditu_png"},{"url":"assets/game2/assets/xin2/shop/shop2_ditu2.png","type":"image","name":"shop2_ditu2_png"},{"url":"assets/game2/assets/xin2/shop/shop2_double.png","type":"image","name":"shop2_double_png"},{"url":"assets/game2/assets/xin2/shop/shop2_goumaidaju.png","type":"image","name":"shop2_goumaidaju_png"},{"url":"assets/game2/assets/xin2/shop/shop2_goumaidaoju1.png","type":"image","name":"shop2_goumaidaoju1_png"},{"url":"assets/game2/assets/xin2/shop/shop2_goumaijinbi.png","type":"image","name":"shop2_goumaijinbi_png"},{"url":"assets/game2/assets/xin2/shop/shop2_goumaijinbi1.png","type":"image","name":"shop2_goumaijinbi1_png"},{"url":"assets/game2/assets/xin2/shop/shop2_goumailibao.png","type":"image","name":"shop2_goumailibao_png"},{"url":"assets/game2/assets/xin2/shop/shop2_goumailibao1.png","type":"image","name":"shop2_goumailibao1_png"},{"url":"assets/game2/assets/xin2/shop/shop2_goumaizhuanshi.png","type":"image","name":"shop2_goumaizhuanshi_png"},{"url":"assets/game2/assets/xin2/shop/shop2_goumaizhuanshi2.png","type":"image","name":"shop2_goumaizhuanshi2_png"},{"url":"assets/game2/assets/xin2/shop/shop2_jinbi.png","type":"image","name":"shop2_jinbi_png"},{"url":"assets/game2/assets/xin2/shop/shop2_jinbi2.png","type":"image","name":"shop2_jinbi2_png"},{"url":"assets/game2/assets/xin2/shop/shop2_meigui.png","type":"image","name":"shop2_meigui_png"},{"url":"assets/game2/assets/xin2/shop/shop2_renminbi.png","type":"image","name":"shop2_renminbi_png"},{"url":"assets/game2/assets/xin2/shop/shop2_shiyitu4.png","type":"image","name":"shop2_shiyitu4_png"},{"url":"assets/game2/assets/xin2/shop/shop2_shiyitu5.png","type":"image","name":"shop2_shiyitu5_png"},{"url":"assets/game2/assets/xin2/shop/shop2_shuangbei.png","type":"image","name":"shop2_shuangbei_png"},{"url":"assets/game2/assets/xin2/shop/shop2_xiangoulibai1.png","type":"image","name":"shop2_xiangoulibai1_png"},{"url":"assets/game2/assets/xin2/shop/shop2_xiangoulibao.png","type":"image","name":"shop2_xiangoulibao_png"},{"url":"assets/game2/assets/xin2/shop/shop2_xuanzhong.png","type":"image","name":"shop2_xuanzhong_png"},{"url":"assets/game2/assets/xin2/shop/shop2_zhezhao.png","type":"image","name":"shop2_zhezhao_png"},{"url":"assets/game2/assets/xin2/shop/shop2_zhezhao2.png","type":"image","name":"shop2_zhezhao2_png"},{"url":"assets/game2/assets/xin2/shop/shop2_zhuanshi.png","type":"image","name":"shop2_zhuanshi_png"},{"url":"assets/game2/assets/xin2/shop/shop2_zhuanshi2.png","type":"image","name":"shop2_zhuanshi2_png"},{"url":"assets/game2/assets/xin2/shop/shop2_zi.png","type":"image","name":"shop2_zi_png"},{"url":"assets/game2/assets/xin2/shop/shop_common_bottom.png","type":"image","name":"shop_common_bottom_png"},{"url":"assets/game2/assets/xin2/shop/shop_diamond_01.png","type":"image","name":"shop_diamond_01_png"},{"url":"assets/game2/assets/xin2/shop/shop_diamond_02.png","type":"image","name":"shop_diamond_02_png"},{"url":"assets/game2/assets/xin2/shop/shop_diamond_03.png","type":"image","name":"shop_diamond_03_png"},{"url":"assets/game2/assets/xin2/shop/shop_diamond_bg.png","type":"image","name":"shop_diamond_bg_png"},{"url":"assets/game2/assets/xin2/shop/shop_diamond_double.png","type":"image","name":"shop_diamond_double_png"},{"url":"assets/game2/assets/xin2/shop/shop_diamond_head.png","type":"image","name":"shop_diamond_head_png"},{"url":"assets/game2/assets/xin2/shop/shop_gift_001.png","type":"image","name":"shop_gift_001_png"},{"url":"assets/game2/assets/xin2/shop/shop_gift_002.png","type":"image","name":"shop_gift_002_png"},{"url":"assets/game2/assets/xin2/shop/shop_gift_003.png","type":"image","name":"shop_gift_003_png"},{"url":"assets/game2/assets/xin2/shop/shop_gift_004.png","type":"image","name":"shop_gift_004_png"},{"url":"assets/game2/assets/xin2/shop/shop_gift_005.png","type":"image","name":"shop_gift_005_png"},{"url":"assets/game2/assets/xin2/shop/shop_gift_006.png","type":"image","name":"shop_gift_006_png"},{"url":"assets/game2/assets/xin2/shop/shop_gift_007.png","type":"image","name":"shop_gift_007_png"},{"url":"assets/game2/assets/xin2/shop/shop_gift_008.png","type":"image","name":"shop_gift_008_png"},{"url":"assets/game2/assets/xin2/shop/shop_gift_009.png","type":"image","name":"shop_gift_009_png"},{"url":"assets/game2/assets/xin2/shop/shop_gift_010.png","type":"image","name":"shop_gift_010_png"},{"url":"assets/game2/assets/xin2/shop/shop_gift_011.png","type":"image","name":"shop_gift_011_png"},{"url":"assets/game2/assets/xin2/shop/shop_gift_012.png","type":"image","name":"shop_gift_012_png"},{"url":"assets/game2/assets/xin2/shop/shop_gift_013.png","type":"image","name":"shop_gift_013_png"},{"url":"assets/game2/assets/xin2/shop/shop_gift_014.png","type":"image","name":"shop_gift_014_png"},{"url":"assets/game2/assets/xin2/shop/shop_gift_btn01.png","type":"image","name":"shop_gift_btn01_png"},{"url":"assets/game2/assets/xin2/shop/shop_gift_btn02.png","type":"image","name":"shop_gift_btn02_png"},{"url":"assets/game2/assets/xin2/shop/shop_gift_di_01.png","type":"image","name":"shop_gift_di_01_png"},{"url":"assets/game2/assets/xin2/shop/shop_gift_di_02.png","type":"image","name":"shop_gift_di_02_png"},{"url":"assets/game2/assets/xin2/shop/shop_gift_di_bottom.png","type":"image","name":"shop_gift_di_bottom_png"},{"url":"assets/game2/assets/xin2/shop/shop_gift_di_up.png","type":"image","name":"shop_gift_di_up_png"},{"url":"assets/game2/assets/xin2/shop/shop_gift_label_di.png","type":"image","name":"shop_gift_label_di_png"},{"url":"assets/game2/assets/xin2/shop/shop_gift_rightlabel_di.png","type":"image","name":"shop_gift_rightlabel_di_png"},{"url":"assets/game2/assets/xin2/shop/shop_gifttool_01.png","type":"image","name":"shop_gifttool_01_png"},{"url":"assets/game2/assets/xin2/shop/shop_gifttool_02.png","type":"image","name":"shop_gifttool_02_png"},{"url":"assets/game2/assets/xin2/shop/shop_gifttool_03.png","type":"image","name":"shop_gifttool_03_png"},{"url":"assets/game2/assets/xin2/shop/shop_gifttool_buy.png","type":"image","name":"shop_gifttool_buy_png"},{"url":"assets/game2/assets/xin2/shop/shop_gold_01.png","type":"image","name":"shop_gold_01_png"},{"url":"assets/game2/assets/xin2/shop/shop_gold_02.png","type":"image","name":"shop_gold_02_png"},{"url":"assets/game2/assets/xin2/shop/shop_gold_03.png","type":"image","name":"shop_gold_03_png"},{"url":"assets/game2/assets/xin2/shop/shop_gold_bg.png","type":"image","name":"shop_gold_bg_png"},{"url":"assets/game2/assets/xin2/shop/shop_gold_head.png","type":"image","name":"shop_gold_head_png"},{"url":"assets/game2/assets/xin2/shop/shop_tool_baba.png","type":"image","name":"shop_tool_baba_png"},{"url":"assets/game2/assets/xin2/shop/shop_tool_btn01.png","type":"image","name":"shop_tool_btn01_png"},{"url":"assets/game2/assets/xin2/shop/shop_tool_btn02.png","type":"image","name":"shop_tool_btn02_png"},{"url":"assets/game2/assets/xin2/shop/shop_tool_chongwulishi.png","type":"image","name":"shop_tool_chongwulishi_png"},{"url":"assets/game2/assets/xin2/shop/shop_tool_dangao.png","type":"image","name":"shop_tool_dangao_png"},{"url":"assets/game2/assets/xin2/shop/shop_tool_diyingpiao.png","type":"image","name":"shop_tool_diyingpiao_png"},{"url":"assets/game2/assets/xin2/shop/shop_tool_gongyuan.png","type":"image","name":"shop_tool_gongyuan_png"},{"url":"assets/game2/assets/xin2/shop/shop_tool_gongzai.png","type":"image","name":"shop_tool_gongzai_png"},{"url":"assets/game2/assets/xin2/shop/shop_tool_gouwu.png","type":"image","name":"shop_tool_gouwu_png"},{"url":"assets/game2/assets/xin2/shop/shop_tool_huanchangjuan.png","type":"image","name":"shop_tool_huanchangjuan_png"},{"url":"assets/game2/assets/xin2/shop/shop_tool_jianshengka.png","type":"image","name":"shop_tool_jianshengka_png"},{"url":"assets/game2/assets/xin2/shop/shop_tool_kehong.png","type":"image","name":"shop_tool_kehong_png"},{"url":"assets/game2/assets/xin2/shop/shop_tool_qiaokeli.png","type":"image","name":"shop_tool_qiaokeli_png"},{"url":"assets/game2/assets/xin2/shop/shop_tool_rose.png","type":"image","name":"shop_tool_rose_png"},{"url":"assets/game2/assets/xin2/shop/shop_tool_xianglian.png","type":"image","name":"shop_tool_xianglian_png"},{"url":"assets/game2/assets/xin2/shop/shop_tool_xiangshui.png","type":"image","name":"shop_tool_xiangshui_png"},{"url":"assets/game2/assets/xin2/shop/shop_tool_youleyuan.png","type":"image","name":"shop_tool_youleyuan_png"},{"url":"assets/game2/assets/xin2/redPacket/red_packet.png","type":"image","name":"red_packet_png"},{"url":"assets/game2/assets/xin2/redPacket/red_packet_1.png","type":"image","name":"red_packet_1_png"},{"url":"assets/game2/assets/xin2/redPacket/red_packet_10.png","type":"image","name":"red_packet_10_png"},{"url":"assets/game2/assets/xin2/redPacket/red_packet_11.png","type":"image","name":"red_packet_11_png"},{"url":"assets/game2/assets/xin2/redPacket/red_packet_2.png","type":"image","name":"red_packet_2_png"},{"url":"assets/game2/assets/xin2/redPacket/red_packet_3.png","type":"image","name":"red_packet_3_png"},{"url":"assets/game2/assets/xin2/redPacket/red_packet_6.png","type":"image","name":"red_packet_6_png"},{"url":"assets/game2/assets/xin2/redPacket/red_packet_7.png","type":"image","name":"red_packet_7_png"},{"url":"assets/game2/assets/xin2/redPacket/red_packet_8.png","type":"image","name":"red_packet_8_png"},{"url":"assets/game2/assets/xin2/redPacket/red_packet_9.png","type":"image","name":"red_packet_9_png"},{"url":"assets/game2/view/panel/inputname/InputNamePanelSkin.exml","type":"bin","name":"InputNamePanelSkin_exml"},{"url":"assets/game2/view/panel/libao/LibaoCDSkin.exml","type":"bin","name":"LibaoCDSkin_exml"},{"url":"assets/game2/view/panel/libao/LibaoFinishSkin.exml","type":"bin","name":"LibaoFinishSkin_exml"},{"url":"assets/game2/view/panel/libao/LibaoVideoPanelSkin.exml","type":"bin","name":"LibaoVideoPanelSkin_exml"},{"url":"assets/game2/view/panel/libao/LibaomiaohuiPanelSkin.exml","type":"bin","name":"LibaomiaohuiPanelSkin_exml"},{"url":"assets/game2/view/panel/notice/NoticeDialogPanelSkin.exml","type":"bin","name":"NoticeDialogPanelSkin_exml"},{"url":"assets/game2/view/panel/love/FinishLovePanelSkin.exml","type":"bin","name":"FinishLovePanelSkin_exml"},{"url":"assets/game2/view/panel/love/LoveBoxSkin.exml","type":"bin","name":"LoveBoxSkin_exml"},{"url":"assets/game2/view/panel/love/LovePanelSkin.exml","type":"bin","name":"LovePanelSkin_exml"},{"url":"assets/game2/view/panel/love/LoveProPanelSkin.exml","type":"bin","name":"LoveProPanelSkin_exml"},{"url":"assets/game2/view/panel/phone/CallHistoryListItemSkin.exml","type":"bin","name":"CallHistoryListItemSkin_exml"},{"url":"assets/game2/view/panel/phone/CallHistoryPanelSkin.exml","type":"bin","name":"CallHistoryPanelSkin_exml"},{"url":"assets/game2/view/panel/phone/CallListItemSkin.exml","type":"bin","name":"CallListItemSkin_exml"},{"url":"assets/game2/view/panel/phone/CallingPanelSkin.exml","type":"bin","name":"CallingPanelSkin_exml"},{"url":"assets/game2/view/panel/phone/DianhuaPanelSKin.exml","type":"bin","name":"DianhuaPanelSKin_exml"},{"url":"assets/game2/view/panel/phone/JietongPanelSkin.exml","type":"bin","name":"JietongPanelSkin_exml"},{"url":"assets/game2/view/panel/act/ActPage0UISkin.exml","type":"bin","name":"ActPage0UISkin_exml"},{"url":"assets/game2/view/panel/act/ActPage1UISkin.exml","type":"bin","name":"ActPage1UISkin_exml"},{"url":"assets/game2/view/panel/act/ActPage2UISkin.exml","type":"bin","name":"ActPage2UISkin_exml"},{"url":"assets/game2/view/panel/act/ActPage3UISkin.exml","type":"bin","name":"ActPage3UISkin_exml"},{"url":"assets/game2/view/panel/act/ActPage4UISkin.exml","type":"bin","name":"ActPage4UISkin_exml"},{"url":"assets/game2/view/panel/act/ActPage5UISkin.exml","type":"bin","name":"ActPage5UISkin_exml"},{"url":"assets/game2/view/panel/act/ActPage6UISkin.exml","type":"bin","name":"ActPage6UISkin_exml"},{"url":"assets/game2/view/panel/act/ActPanelSkin.exml","type":"bin","name":"ActPanelSkin_exml"},{"url":"assets/game2/view/panel/redPacket/RedPacketPanelSkin.exml","type":"bin","name":"RedPacketPanelSkin_exml"},{"url":"assets/game2/view/panel/redPacket/RedPacketRemindPanelSkin.exml","type":"bin","name":"RedPacketRemindPanelSkin_exml"},{"url":"assets/game2/view/panel/set/MailDataGroupItemSkin.exml","type":"bin","name":"MailDataGroupItemSkin_exml"},{"url":"assets/game2/view/panel/set/MailDataPanelSkin.exml","type":"bin","name":"MailDataPanelSkin_exml"},{"url":"assets/game2/view/panel/set/MailListItemSkin.exml","type":"bin","name":"MailListItemSkin_exml"},{"url":"assets/game2/view/panel/set/MailPanelSkin.exml","type":"bin","name":"MailPanelSkin_exml"},{"url":"assets/game2/view/panel/set/ProtocalPanelSkin.exml","type":"bin","name":"ProtocalPanelSkin_exml"},{"url":"assets/game2/view/panel/set/SetPanelSkin.exml","type":"bin","name":"SetPanelSkin_exml"},{"url":"assets/game2/view/panel/shipin/ShiPinScrollerItemSkin.exml","type":"bin","name":"ShiPinScrollerItemSkin_exml"},{"url":"assets/game2/view/panel/shipin/ShipinPanelSkin.exml","type":"bin","name":"ShipinPanelSkin_exml"},{"url":"assets/game2/view/panel/weibo/WeiBoPanelSkin.exml","type":"bin","name":"WeiBoPanelSkin_exml"},{"url":"assets/game2/view/panel/weibo/WeiboListItemSkin.exml","type":"bin","name":"WeiboListItemSkin_exml"},{"url":"assets/game2/view/panel/shop/DaojuListItemSkin.exml","type":"bin","name":"DaojuListItemSkin_exml"},{"url":"assets/game2/view/panel/shop/ShopDiamondsListItemSkin.exml","type":"bin","name":"ShopDiamondsListItemSkin_exml"},{"url":"assets/game2/view/panel/shop/ShopGoldListItemSkin.exml","type":"bin","name":"ShopGoldListItemSkin_exml"},{"url":"assets/game2/view/panel/shop/ShopPanelSkin.exml","type":"bin","name":"ShopPanelSkin_exml"},{"url":"assets/game2/view/panel/shop/ShopXiangouListItemSkin.exml","type":"bin","name":"ShopXiangouListItemSkin_exml"},{"url":"assets/game2/view/panel/shop/buyToolPanelSkin.exml","type":"bin","name":"buyToolPanelSkin_exml"},{"url":"assets/game2/view/panel/weixin/LeftMessageSkin.exml","type":"bin","name":"LeftMessageSkin_exml"},{"url":"assets/game2/view/panel/weixin/MessageListItemSkin.exml","type":"bin","name":"MessageListItemSkin_exml"},{"url":"assets/game2/view/panel/weixin/RightMessageSkin.exml","type":"bin","name":"RightMessageSkin_exml"},{"url":"assets/game2/view/panel/weixin/WeixinPanelSkin.exml","type":"bin","name":"WeixinPanelSkin_exml"},{"url":"assets/game2/view/panel/weixin/sendMessageSkin.exml","type":"bin","name":"sendMessageSkin_exml"},{"url":"assets/game2/view/panel/work/FinishWorkPanelSkin.exml","type":"bin","name":"FinishWorkPanelSkin_exml"},{"url":"assets/game2/view/panel/work/WorkBoxSkin.exml","type":"bin","name":"WorkBoxSkin_exml"},{"url":"assets/game2/view/panel/work/WorkPanelSkin.exml","type":"bin","name":"WorkPanelSkin_exml"},{"url":"assets/game2/view/panel/work/WorkProPanelSkin.exml","type":"bin","name":"WorkProPanelSkin_exml"},{"url":"assets/game2/view/scene/game/GameSceneSkin.exml","type":"bin","name":"GameSceneSkin_exml"},{"url":"assets/game2/view/scene/load/LoadSceneSkin.exml","type":"bin","name":"LoadSceneSkin_exml"},{"url":"assets/game2/view/scene/login/GameAdviceUISkin.exml","type":"bin","name":"GameAdviceUISkin_exml"},{"url":"assets/game2/view/scene/login/LoginPanelSkin.exml","type":"bin","name":"LoginPanelSkin_exml"},{"url":"assets/game2/view/scene/login/LoginSceneSkin.exml","type":"bin","name":"LoginSceneSkin_exml"},{"url":"assets/game2/view/scene/login/RegisterPanelSkin.exml","type":"bin","name":"RegisterPanelSkin_exml"},{"url":"assets/game2/assets/xindong/loading/baixingxing.png","type":"image","name":"baixingxing_png"},{"url":"assets/game2/assets/xindong/loading/loading-1-1.png","type":"image","name":"loading-1-1_png"},{"url":"assets/game2/view/panel/share/SharePanelSkin.exml","type":"bin","name":"SharePanelSkin_exml"},{"url":"assets/game2/assets/xin2/wechat/weixin2_-.png","type":"image","name":"weixin2_-_png"},{"url":"assets/game2/assets/xin2/wechat/weixin2_bantoumingditu.png","type":"image","name":"weixin2_bantoumingditu_png"},{"url":"assets/game2/assets/xin2/wechat/weixin2_datouxiangkuang.png","type":"image","name":"weixin2_datouxiangkuang_png"},{"url":"assets/game2/assets/xin2/wechat/weixin2_datouxiangmengban.png","type":"image","name":"weixin2_datouxiangmengban_png"},{"url":"assets/game2/assets/xin2/wechat/weixin2_di.png","type":"image","name":"weixin2_di_png"},{"url":"assets/game2/assets/xin2/wechat/weixin2_fasong.png","type":"image","name":"weixin2_fasong_png"},{"url":"assets/game2/assets/xin2/wechat/weixin2_fasonganniu.png","type":"image","name":"weixin2_fasonganniu_png"},{"url":"assets/game2/assets/xin2/wechat/weixin2_fengexian.png","type":"image","name":"weixin2_fengexian_png"},{"url":"assets/game2/assets/xin2/wechat/weixin2_heisebantoumingditu.png","type":"image","name":"weixin2_heisebantoumingditu_png"},{"url":"assets/game2/assets/xin2/wechat/weixin2_huiseanniu.png","type":"image","name":"weixin2_huiseanniu_png"},{"url":"assets/game2/assets/xin2/wechat/weixin2_liaotiankuang.png","type":"image","name":"weixin2_liaotiankuang_png"},{"url":"assets/game2/assets/xin2/wechat/weixin2_liaotianqipaoduifang.png","type":"image","name":"weixin2_liaotianqipaoduifang_png"},{"url":"assets/game2/assets/xin2/wechat/weixin2_liaotianqipaoziji.png","type":"image","name":"weixin2_liaotianqipaoziji_png"},{"url":"assets/game2/assets/xin2/wechat/weixin2_linshitouxiang.png","type":"image","name":"weixin2_linshitouxiang_png"},{"url":"assets/game2/assets/xin2/wechat/weixin2_linshitouxiang2.png","type":"image","name":"weixin2_linshitouxiang2_png"},{"url":"assets/game2/assets/xin2/wechat/weixin2_xiaotouxiangkuang.png","type":"image","name":"weixin2_xiaotouxiangkuang_png"},{"url":"assets/game2/assets/xin2/wechat/weixin2_xiaotouxiangmengban.png","type":"image","name":"weixin2_xiaotouxiangmengban_png"},{"url":"assets/game2/assets/xin2/wechat/weixin2_xinsui.png","type":"image","name":"weixin2_xinsui_png"},{"url":"assets/game2/assets/xin2/wechat/weixin2_xuanzeduihua.png","type":"image","name":"weixin2_xuanzeduihua_png"},{"url":"assets/game2/assets/xin2/wechat/weixin2_xuanzeliaotian2.png","type":"image","name":"weixin2_xuanzeliaotian2_png"},{"url":"assets/game2/view/panel/bag/BagsGroupItemSkin.exml","type":"bin","name":"BagsGroupItemSkin_exml"},{"url":"assets/game2/view/panel/bag/BagsPanelSkin.exml","type":"bin","name":"BagsPanelSkin_exml"},{"url":"assets/game2/view/panel/bag/useToolPanelSkin.exml","type":"bin","name":"useToolPanelSkin_exml"},{"url":"assets/game2/assets/xindong/music/calling.mp3","type":"sound","name":"calling_mp3"},{"url":"assets/game2/assets/xindong/music/canteen.mp3","type":"sound","name":"canteen_mp3"},{"url":"assets/game2/assets/xindong/music/carnie.mp3","type":"sound","name":"carnie_mp3"},{"url":"assets/game2/assets/xindong/music/cat.mp3","type":"sound","name":"cat_mp3"},{"url":"assets/game2/assets/xindong/music/close.mp3","type":"sound","name":"close_mp3"},{"url":"assets/game2/assets/xindong/music/close2.mp3","type":"sound","name":"close2_mp3"},{"url":"assets/game2/assets/xindong/music/common_use.mp3","type":"sound","name":"common_use_mp3"},{"url":"assets/game2/assets/xindong/music/dialogue_pop.mp3","type":"sound","name":"dialogue_pop_mp3"},{"url":"assets/game2/assets/xindong/music/facetime.mp3","type":"sound","name":"facetime_mp3"},{"url":"assets/game2/assets/xindong/music/gym.mp3","type":"sound","name":"gym_mp3"},{"url":"assets/game2/assets/xindong/music/levelup.mp3","type":"sound","name":"levelup_mp3"},{"url":"assets/game2/assets/xindong/music/library.mp3","type":"sound","name":"library_mp3"},{"url":"assets/game2/assets/xindong/music/love_done.mp3","type":"sound","name":"love_done_mp3"},{"url":"assets/game2/assets/xindong/music/new_msg.mp3","type":"sound","name":"new_msg_mp3"},{"url":"assets/game2/assets/xindong/music/number_add.mp3","type":"sound","name":"number_add_mp3"},{"url":"assets/game2/assets/xindong/music/number_reduce.mp3","type":"sound","name":"number_reduce_mp3"},{"url":"assets/game2/assets/xindong/music/page_switch.mp3","type":"sound","name":"page_switch_mp3"},{"url":"assets/game2/assets/xindong/music/park.mp3","type":"sound","name":"park_mp3"},{"url":"assets/game2/assets/xindong/music/return.mp3","type":"sound","name":"return_mp3"},{"url":"assets/game2/assets/xindong/music/select.mp3","type":"sound","name":"select_mp3"},{"url":"assets/game2/assets/xindong/music/sent_msg.mp3","type":"sound","name":"sent_msg_mp3"},{"url":"assets/game2/assets/xindong/music/shopping.mp3","type":"sound","name":"shopping_mp3"},{"url":"assets/game2/assets/xindong/music/success.mp3","type":"sound","name":"success_mp3"},{"url":"assets/game2/assets/xindong/music/time_click.mp3","type":"sound","name":"time_click_mp3"},{"url":"assets/game2/assets/xindong/music/work_done.mp3","type":"sound","name":"work_done_mp3"},{"url":"assets/game2/assets/xindong/music/working.mp3","type":"sound","name":"working_mp3"},{"url":"assets/game2/assets/xindong/music/wrong_answer.mp3","type":"sound","name":"wrong_answer_mp3"},{"url":"assets/game2/view/panel/act/ui/ActAccumulativeRechargeSkin.exml","type":"bin","name":"ActAccumulativeRechargeSkin_exml"},{"url":"assets/game2/view/panel/act/ui/ActAwardBtnSkin.exml","type":"bin","name":"ActAwardBtnSkin_exml"},{"url":"assets/game2/view/panel/act/ui/ActKeLingQuBtnSkin.exml","type":"bin","name":"ActKeLingQuBtnSkin_exml"},{"url":"assets/game2/view/panel/act/ui/ActLingQuBtnSkin.exml","type":"bin","name":"ActLingQuBtnSkin_exml"},{"url":"assets/game2/view/panel/act/ui/DayRewardUISkin.exml","type":"bin","name":"DayRewardUISkin_exml"},{"url":"assets/game2/view/panel/act/ui/MonthCardSkin.exml","type":"bin","name":"MonthCardSkin_exml"},{"url":"assets/game2/view/panel/shop/gifttool/ShopGiftItemSkin.exml","type":"bin","name":"ShopGiftItemSkin_exml"},{"url":"assets/game2/view/panel/shop/gifttool/ShopGiftPartSkin.exml","type":"bin","name":"ShopGiftPartSkin_exml"},{"url":"assets/game2/view/panel/shop/gifttool/ShopGiftToolItemSkin.exml","type":"bin","name":"ShopGiftToolItemSkin_exml"},{"url":"assets/game2/view/panel/shop/gifttool/ShopGiftToolPanelSkin.exml","type":"bin","name":"ShopGiftToolPanelSkin_exml"},{"url":"assets/game2/view/panel/shop/gifttool/ShopGiftToolPartSkin.exml","type":"bin","name":"ShopGiftToolPartSkin_exml"},{"url":"assets/game2/view/panel/shop/gifttool/ShopToolPartSkin.exml","type":"bin","name":"ShopToolPartSkin_exml"},{"url":"assets/game2/view/panel/shop/diamond/ShopDiamondItemSKin.exml","type":"bin","name":"ShopDiamondItemSKin_exml"},{"url":"assets/game2/view/panel/shop/diamond/ShopDiamondPanelSkin.exml","type":"bin","name":"ShopDiamondPanelSkin_exml"},{"url":"assets/game2/view/panel/shop/gold/ShopGoldItemSkin.exml","type":"bin","name":"ShopGoldItemSkin_exml"},{"url":"assets/game2/view/panel/shop/gold/ShopGoldPanelSkin.exml","type":"bin","name":"ShopGoldPanelSkin_exml"},{"url":"assets/game2/view/scene/game/ui/DiamondUISkin.exml","type":"bin","name":"DiamondUISkin_exml"},{"url":"assets/game2/view/scene/game/ui/GoldUISkin.exml","type":"bin","name":"GoldUISkin_exml"},{"url":"assets/game2/view/scene/game/ui/HeartsPluginSkin.exml","type":"bin","name":"HeartsPluginSkin_exml"},{"url":"assets/game2/view/scene/game/ui/PowerUISkin.exml","type":"bin","name":"PowerUISkin_exml"},{"url":"assets/game2/view/scene/game/ui/TaskTipUISkin.exml","type":"bin","name":"TaskTipUISkin_exml"},{"url":"assets/game2/view/scene/game/btn/ActBtnSkin.exml","type":"bin","name":"ActBtnSkin_exml"},{"url":"assets/game2/view/scene/game/btn/QRCodeBtnSkin.exml","type":"bin","name":"QRCodeBtnSkin_exml"},{"url":"assets/game2/view/scene/game/btn/RedPacketBtnSkin.exml","type":"bin","name":"RedPacketBtnSkin_exml"},{"url":"assets/game2/view/scene/game/btn/SendToDeBtnSkin.exml","type":"bin","name":"SendToDeBtnSkin_exml"},{"url":"assets/game2/view/scene/game/btn/ShareBtnSkin.exml","type":"bin","name":"ShareBtnSkin_exml"},{"url":"assets/game2/view/scene/game/btn/ShouChongBtnSkin.exml","type":"bin","name":"ShouChongBtnSkin_exml"},{"url":"assets/game2/view/scene/game/btn/beibaoBtnSkin.exml","type":"bin","name":"beibaoBtnSkin_exml"},{"url":"assets/game2/view/scene/game/btn/dianhuaBtnSkin.exml","type":"bin","name":"dianhuaBtnSkin_exml"},{"url":"assets/game2/view/scene/game/btn/gongzuoBtnSkin.exml","type":"bin","name":"gongzuoBtnSkin_exml"},{"url":"assets/game2/view/scene/game/btn/lianaiBtnSkin.exml","type":"bin","name":"lianaiBtnSkin_exml"},{"url":"assets/game2/view/scene/game/btn/setBtnSkin.exml","type":"bin","name":"setBtnSkin_exml"},{"url":"assets/game2/view/scene/game/btn/shangchengBtnSkin.exml","type":"bin","name":"shangchengBtnSkin_exml"},{"url":"assets/game2/view/scene/game/btn/weiboBtnSkin.exml","type":"bin","name":"weiboBtnSkin_exml"},{"url":"assets/game2/view/scene/game/btn/weixinBtnSkin.exml","type":"bin","name":"weixinBtnSkin_exml"},{"url":"assets/game2/assets/config/lovetips.json","type":"json","name":"lovetips_json"},{"url":"assets/game2/assets/anim/loading/loadingAnim.json","type":"json","name":"loadingAnim_json"},{"url":"assets/game2/assets/anim/upgrade/upgradeAnim.json","type":"json","name":"upgradeAnim_json"},{"url":"assets/base/dragon/GZSlogoDH2_tex.png","type":"image","name":"GZSlogoDH2_tex_png"},{"url":"assets/base/dragon/GZSlogoDH2_tex.json","type":"json","name":"GZSlogoDH2_tex_json"},{"url":"assets/base/dragon/GZSlogoDH2_ske.json","type":"json","name":"GZSlogoDH2_ske_json"},{"url":"assets/game2/view/dialog/DlcConfirmDialogSkin.exml","type":"bin","name":"DlcConfirmDialogSkin_exml"},{"url":"assets/game2/assets/dlc/secretShop.png","type":"image","name":"secretShop_png"},{"url":"assets/game2/assets/xin2/bag/beibao_bg.jpg","type":"image","name":"beibao_bg_jpg"},{"url":"assets/game2/assets/xin2/bag/beibao_xindong.jpg","type":"image","name":"beibao_xindong_jpg"},{"url":"assets/game2/assets/dlc/dlc_doc_p/dlc_image.jpg","type":"image","name":"dlc_image_jpg"},{"url":"assets/game2/view/scene/game/btn/SecretShopBtnSkin.exml","type":"bin","name":"SecretShopBtnSkin_exml"},{"url":"assets/game2/assets/dlc/lihui/lihui1-1.jpg","type":"image","name":"lihui1-1_jpg"},{"url":"assets/game2/assets/dlc/lihui/lihui1-2.jpg","type":"image","name":"lihui1-2_jpg"},{"url":"assets/game2/assets/dlc/lihui/lihui1-3.jpg","type":"image","name":"lihui1-3_jpg"},{"url":"assets/game2/assets/dlc/lihui/lihui10-1.jpg","type":"image","name":"lihui10-1_jpg"},{"url":"assets/game2/assets/dlc/lihui/lihui10-2.jpg","type":"image","name":"lihui10-2_jpg"},{"url":"assets/game2/assets/dlc/lihui/lihui10-3.jpg","type":"image","name":"lihui10-3_jpg"},{"url":"assets/game2/assets/dlc/lihui/lihui2-1.jpg","type":"image","name":"lihui2-1_jpg"},{"url":"assets/game2/assets/dlc/lihui/lihui2-2.jpg","type":"image","name":"lihui2-2_jpg"},{"url":"assets/game2/assets/dlc/lihui/lihui2-3.jpg","type":"image","name":"lihui2-3_jpg"},{"url":"assets/game2/assets/dlc/lihui/lihui3-1.jpg","type":"image","name":"lihui3-1_jpg"},{"url":"assets/game2/assets/dlc/lihui/lihui3-2.jpg","type":"image","name":"lihui3-2_jpg"},{"url":"assets/game2/assets/dlc/lihui/lihui3-3.jpg","type":"image","name":"lihui3-3_jpg"},{"url":"assets/game2/assets/dlc/lihui/lihui4-1.jpg","type":"image","name":"lihui4-1_jpg"},{"url":"assets/game2/assets/dlc/lihui/lihui4-2.jpg","type":"image","name":"lihui4-2_jpg"},{"url":"assets/game2/assets/dlc/lihui/lihui4-3.jpg","type":"image","name":"lihui4-3_jpg"},{"url":"assets/game2/assets/dlc/lihui/lihui5-1.jpg","type":"image","name":"lihui5-1_jpg"},{"url":"assets/game2/assets/dlc/lihui/lihui5-2.jpg","type":"image","name":"lihui5-2_jpg"},{"url":"assets/game2/assets/dlc/lihui/lihui5-3.jpg","type":"image","name":"lihui5-3_jpg"},{"url":"assets/game2/assets/dlc/lihui/lihui6-1.jpg","type":"image","name":"lihui6-1_jpg"},{"url":"assets/game2/assets/dlc/lihui/lihui6-2.jpg","type":"image","name":"lihui6-2_jpg"},{"url":"assets/game2/assets/dlc/lihui/lihui6-3.jpg","type":"image","name":"lihui6-3_jpg"},{"url":"assets/game2/assets/dlc/lihui/lihui7-1.jpg","type":"image","name":"lihui7-1_jpg"},{"url":"assets/game2/assets/dlc/lihui/lihui7-2.jpg","type":"image","name":"lihui7-2_jpg"},{"url":"assets/game2/assets/dlc/lihui/lihui7-3.jpg","type":"image","name":"lihui7-3_jpg"},{"url":"assets/game2/assets/dlc/lihui/lihui8-1.jpg","type":"image","name":"lihui8-1_jpg"},{"url":"assets/game2/assets/dlc/lihui/lihui8-2.jpg","type":"image","name":"lihui8-2_jpg"},{"url":"assets/game2/assets/dlc/lihui/lihui8-3.jpg","type":"image","name":"lihui8-3_jpg"},{"url":"assets/game2/assets/dlc/lihui/lihui9-1.jpg","type":"image","name":"lihui9-1_jpg"},{"url":"assets/game2/assets/dlc/lihui/lihui9-2.jpg","type":"image","name":"lihui9-2_jpg"},{"url":"assets/game2/assets/dlc/lihui/lihui9-3.jpg","type":"image","name":"lihui9-3_jpg"},{"url":"assets/base/sheet/common_v1.json","type":"sheet","name":"common_v1_json","subkeys":"common_v1_bg1_png,common_v1_bg2_png,common_v1_biaotou_png,common_v1_border_png,common_v1_button1_png,common_v1_button2_png,common_v1_button3_png,common_v1_button4_png,common_v1_button5_png,common_v1_button6_png,common_v1_buy_zuhe_png,common_v1_check0_png,common_v1_check1_png,common_v1_fanhui_png,common_v1_heart_png,common_v1_jindutiao1_png,common_v1_jindutiao2_png,common_v1_loginkuang_png,common_v1_logo_png,common_v1_mask_png,common_v1_rail1_png,common_v1_rail2_png,common_v1_rail_png,common_v1_set_png,common_v1_triangle_png,common_v1_wordbg_png"},{"url":"assets/fangDong/sheet/game1_buy.json","type":"sheet","name":"game1_buy_json","subkeys":"s1_btn_buy_png,s1_btn_close_png,s1_img_buy_bg_png,s1_img_buy_circle_png,s1_img_buy_electric_png,s1_img_buy_heart_png,s1_img_pay_word_png"},{"url":"assets/base/module/common/Alert2Skin.exml","type":"bin","name":"Alert2Skin_exml"},{"url":"assets/base/module/component/IconButtonSkin.exml","type":"bin","name":"IconButtonSkin_exml"},{"url":"assets/base/module/window/WindowView2Skin.exml","type":"bin","name":"WindowView2Skin_exml"},{"url":"assets/base/module/login/button/Button4Skin.exml","type":"bin","name":"Button4Skin_exml"},{"url":"assets/base/module/login/button/Button5Skin.exml","type":"bin","name":"Button5Skin_exml"},{"url":"assets/base/effect/VideoLoading.json","type":"json","name":"VideoLoading_json"},{"url":"assets/base/effect/VideoLoading.png","type":"image","name":"VideoLoading_png"},{"url":"assets/base/filter/memory_mask_tex.png","type":"image","name":"memory_mask_tex_png"},{"url":"assets/game2/assets/xindong/music/g2_click.mp3","type":"sound","name":"g2_click_mp3"},{"url":"assets/base/sheet/ending.json","type":"sheet","name":"ending_json","subkeys":"ending_home_png,ending_moreend_png,ending_share_png,ending_wordbg_png"},{"url":"assets/base/sheet/gameshare2.json","type":"sheet","name":"gameshare2_json","subkeys":"gameshare2_bg_png,gameshare2_qq_png,gameshare2_qzone_png,gameshare2_weixin_png,gameshare2_weixinquan_png,gameshare2_xinlang_png"},{"url":"assets/base/music/bgm/logoyx.mp3","type":"sound","name":"logoyx_mp3"},{"url":"assets/base/effect/loadingEffect.png","type":"image","name":"loadingEffect_png"},{"url":"assets/base/effect/startgame.png","type":"image","name":"startgame_png"},{"url":"assets/base/filter/brush_mask_tex.png","type":"image","name":"brush_mask_tex_png"},{"url":"assets/base/particle/buringParticle.png","type":"image","name":"buringParticle_png"},{"url":"assets/base/music/sound/ringMessage.mp3","type":"sound","name":"ringMessage_mp3"},{"url":"assets/base/module/common/GameShare2Skin.exml","type":"bin","name":"GameShare2Skin_exml"},{"url":"assets/base/module/component/ComboxSkin.exml","type":"bin","name":"ComboxSkin_exml"},{"url":"assets/base/module/component/GmAvgAttriSkin.exml","type":"bin","name":"GmAvgAttriSkin_exml"},{"url":"assets/base/module/ending/EndingViewSkin.exml","type":"bin","name":"EndingViewSkin_exml"},{"url":"assets/base/module/gm/GmSkin.exml","type":"bin","name":"GmSkin_exml"},{"url":"assets/base/effect/loadingEffect.json","type":"json","name":"loadingEffect_json"},{"url":"assets/base/particle/buringParticle.json","type":"json","name":"buringParticle_json"},{"url":"assets/base/effect/startgame.json","type":"json","name":"startgame_json"},{"url":"assets/base/sheet/gameshare.json","type":"sheet","name":"gameshare_json","subkeys":"gameshare_border_png,gameshare_qq_png,gameshare_qzone_png,gameshare_weixin_png,gameshare_weixinquan_png,gameshare_woo_png,gameshare_xin0_png,gameshare_xin1_png,gameshare_xin2_png,gameshare_xin3_png,gameshare_xinlang_png"},{"url":"assets/base/filter/img_black_mask.png","type":"image","name":"img_black_mask_png"},{"url":"assets/base/filter/img_shade_mask.png","type":"image","name":"img_shade_mask_png"},{"url":"assets/base/filter/img_circle_blur_mask.png","type":"image","name":"img_circle_blur_mask_png"},{"url":"assets/base/filter/img_circle_mask.png","type":"image","name":"img_circle_mask_png"},{"url":"assets/base/image/img_guide_wordbg.png","type":"image","name":"img_guide_wordbg_png"},{"url":"assets/base/image/gamehall_single_1.png","type":"image","name":"gamehall_single_1_png"},{"url":"assets/base/image/img_other_login_bg.jpg","type":"image","name":"img_other_login_bg_jpg"},{"url":"assets/base/image/gamehall_single_2.png","type":"image","name":"gamehall_single_2_png"},{"url":"assets/game2/assets/dlc/dlc_bg.jpg","type":"image","name":"dlc_bg_jpg"},{"url":"assets/game2/assets/dlc/dlc_panel_main_bj.jpg","type":"image","name":"dlc_panel_main_bj_jpg"},{"url":"assets/base/module/login/OtherLoginSkin.exml","type":"bin","name":"OtherLoginSkin_exml"},{"url":"assets/fangDong/module/GameFangDongBuySkin.exml","type":"bin","name":"GameFangDongBuySkin_exml"},{"url":"assets/fangDong/module/GameFangDongChatSkin.exml","type":"bin","name":"GameFangDongChatSkin_exml"},{"url":"assets/fangDong/module/item/GameFangDongChatItemSkin.exml","type":"bin","name":"GameFangDongChatItemSkin_exml"},{"url":"assets/fangDong/module/item/GameFangDongChatTimeItemSkin.exml","type":"bin","name":"GameFangDongChatTimeItemSkin_exml"},{"url":"assets/fangDong/module/item/GameFangDongChatVoiceItemSkin.exml","type":"bin","name":"GameFangDongChatVoiceItemSkin_exml"},{"url":"assets/base/dragon/GZSlogoDHHB_tex.png","type":"image","name":"GZSlogoDHHB_tex_png"},{"url":"assets/base/dragon/GZSlogoDHHB_tex.json","type":"json","name":"GZSlogoDHHB_tex_json"},{"url":"assets/base/dragon/GZSlogoDHHB_ske.json","type":"json","name":"GZSlogoDHHB_ske_json"},{"url":"assets/base/image/loading_res_bg1.jpg","type":"image","name":"loading_res_bg1_jpg"},{"url":"assets/base/image/img_other_login_bg1.jpg","type":"image","name":"img_other_login_bg1_jpg"},{"url":"assets/base/image/skyblue_bg.jpg","type":"image","name":"skyblue_bg_jpg"},{"url":"assets/base/image/skyblue_bg1.jpg","type":"image","name":"skyblue_bg1_jpg"},{"url":"assets/base/dragon/chaozhizuhe_tex.png","type":"image","name":"chaozhizuhe_tex_png"},{"url":"assets/base/dragon/suipian_tex.png","type":"image","name":"suipian_tex_png"},{"url":"assets/base/module/choosepay/ChoosePaySkin.exml","type":"bin","name":"ChoosePaySkin_exml"},{"url":"assets/base/module/roledetail/ChaoZhiZuHeSkin.exml","type":"bin","name":"ChaoZhiZuHeSkin_exml"},{"url":"assets/base/module/roledetail/HeroniesOtherStorySkin.exml","type":"bin","name":"HeroniesOtherStorySkin_exml"},{"url":"assets/base/music/sound/baozha.mp3","type":"sound","name":"baozha_mp3"},{"url":"assets/base/dragon/chaozhizuhe_ske.json","type":"json","name":"chaozhizuhe_ske_json"},{"url":"assets/base/dragon/chaozhizuhe_tex.json","type":"json","name":"chaozhizuhe_tex_json"},{"url":"assets/base/dragon/suipian_tex.json","type":"json","name":"suipian_tex_json"},{"url":"assets/base/dragon/suipian_ske.json","type":"json","name":"suipian_ske_json"},{"url":"assets/base/sheet/choosepay.json","type":"sheet","name":"choosepay_json","subkeys":"choosepay_bg_png,choosepay_close_png,choosepay_weixin_png,choosepay_zhifubao_png"},{"url":"assets/base/image/other_story_1_1.png","type":"image","name":"other_story_1_1_png"},{"url":"assets/game2/assets/xin2/shop/shop2_xind_spbg.png","type":"image","name":"shop2_xind_spbg_png"},{"url":"assets/game2/assets/xin2/shop/shop2_xindongsuipian.png","type":"image","name":"shop2_xindongsuipian_png"},{"url":"assets/game2/assets/xin2/shop/shop_gift_015.png","type":"image","name":"shop_gift_015_png"},{"url":"assets/base/dragon/PSWJ_tex.png","type":"image","name":"PSWJ_tex_png"},{"url":"assets/base/dragon/PSWJ_tex.json","type":"json","name":"PSWJ_tex_json"},{"url":"assets/base/dragon/PSWJ_ske.json","type":"json","name":"PSWJ_ske_json"}]}