{"base/effect/dianji_mc.json":"c219ff3b","base/effect/dianji_tex.png":"44b49085","base/effect/loadingEffect.json":"fd22e945","base/effect/loadingEffect.png":"60b077ca","base/effect/startgame.json":"1f58a210","base/effect/startgame.png":"427475c8","base/effect/VideoLoading.json":"e3a386d7","base/effect/VideoLoading.png":"4777c0f1","base/filter/brush_mask_tex.png":"2689cfbf","base/filter/img_black_mask.png":"1567259c","base/filter/img_circle_blur_mask.png":"8d94d1de","base/filter/img_circle_mask.png":"3ffebcc8","base/filter/img_shade_mask.png":"3e12d4f6","base/filter/memory_mask_tex.png":"3b288196","base/dragon/chaozhizuhe_ske.json":"b9633d20","base/dragon/chaozhizuhe_tex.json":"f6ce99cf","base/dragon/chaozhizuhe_tex.png":"14a55da8","base/dragon/GZSlogoDH2_ske.json":"7c8305d8","base/dragon/GZSlogoDH2_tex.json":"f8afcab8","base/dragon/GZSlogoDH2_tex.png":"1ddfef55","base/dragon/GZSlogoDHHB_ske.json":"4674c3f6","base/dragon/GZSlogoDHHB_tex.json":"b77e6c27","base/dragon/GZSlogoDHHB_tex.png":"6c622901","base/dragon/jindutiao2_ske.json":"3761c011","base/dragon/jindutiao2_tex.json":"625072e9","base/dragon/jindutiao2_tex.png":"2ac88a51","base/dragon/PSWJ_ske.json":"91a13746","base/dragon/PSWJ_tex.json":"6ca1524e","base/dragon/PSWJ_tex.png":"6e6263e6","base/dragon/suipian_ske.json":"41a66098","base/dragon/suipian_tex.json":"41b427e9","base/dragon/suipian_tex.png":"66b6fc83","base/particle/buringParticle.json":"a257cef5","base/particle/buringParticle.png":"1f7236b","base/sheet/choosepay.json":"59a621d5","base/sheet/choosepay.png":"52b3ecb3","base/sheet/common_v1.json":"ced90117","base/sheet/common_v1.png":"a3e34ef9","base/sheet/componet.json":"6a947f14","base/sheet/componet.png":"a109054b","base/sheet/ending.json":"54c65818","base/sheet/ending.png":"b2eadcd5","base/sheet/gamehall.json":"e296681b","base/sheet/gamehall.png":"8f35945d","base/sheet/gameshare.json":"fa078e27","base/sheet/gameshare.png":"d65507da","base/sheet/gameshare2.json":"4894b582","base/sheet/gameshare2.png":"395b26ca","base/sheet/ghsetting.json":"8e9b2f","base/sheet/ghsetting.png":"f5d6506e","base/sheet/memory.json":"c4ccee72","base/sheet/memory.png":"85a5a3a5","base/sheet/record.json":"33c78d77","base/sheet/record.png":"582eb3c5","base/sheet/roledetail.json":"1caf7832","base/sheet/roledetail.png":"a7fa6b9d","base/sheet/video.json":"15ff5e78","base/sheet/video.png":"f00bfaa1","fangDong/sheet/game1_buy.json":"e254ef49","fangDong/sheet/game1_buy.png":"3feff488","base/image/gamehall_1.png":"9af42be8","base/image/gamehall_2.png":"b6357309","base/image/gamehall_single_1.png":"b496a27d","base/image/gamehall_single_2.png":"96270b7d","base/image/imgAlpha.png":"e25d0bc8","base/image/img_guide_wordbg.png":"5ce0fde6","base/image/img_other_login_bg.jpg":"bda8ec15","base/image/img_other_login_bg1.jpg":"9f008400","base/image/loading_res_bg.jpg":"9e0319b0","base/image/loading_res_bg1.jpg":"7d19a051","base/image/memory_end_null.png":"7f2d010","base/image/other_story_1_1.png":"c3b4942b","base/image/skyblue_bg.jpg":"21401d38","base/image/skyblue_bg1.jpg":"e52eefad","base/music/bgm/logoyx.mp3":"c17815d0","base/music/bgm/Lovehome.mp3":"ead31be8","base/music/sound/baozha.mp3":"d397d154","base/music/sound/bubble.mp3":"fe2a5377","base/music/sound/click.mp3":"e710a14d","base/music/sound/film.mp3":"9a8cbd54","base/music/sound/heart.mp3":"7fa20f80","base/music/sound/message.mp3":"5198cf87","base/music/sound/notice.mp3":"6b51725b","base/music/sound/panelClose.mp3":"d054c4d","base/music/sound/ringMessage.mp3":"284202fb","base/music/sound/scrollPaper.mp3":"a3eedc47","base/music/sound/write.mp3":"c8f9fb5a","game2/assets/config/lovetips.json":"decf0fa3","game2/assets/font/shuzi1.fnt":"993fef96","game2/assets/font/shuzi1.png":"ff54611c","game2/assets/font/shuzi2.fnt":"7470513b","game2/assets/font/shuzi2.png":"9a90302","game2/assets/font/shuzi3.fnt":"352035b7","game2/assets/font/shuzi3.png":"8ea5063e","game2/assets/font/xinjian.fnt":"eb9f860c","game2/assets/font/xinjian.png":"5eddf701","game2/assets/dlc/act_new.png":"5b90d3a2","game2/assets/dlc/dlc_6bay_text.png":"140d4ece","game2/assets/dlc/dlc_bg.jpg":"fcd4c2c4","game2/assets/dlc/dlc_big_start_1.png":"d49057c3","game2/assets/dlc/dlc_big_start_2.png":"b62d3b7e","game2/assets/dlc/dlc_big_start_3.png":"253ea6a2","game2/assets/dlc/dlc_button_select.png":"d3a5590c","game2/assets/dlc/dlc_button_unSelect.png":"be46467f","game2/assets/dlc/dlc_icon.png":"c6372fe9","game2/assets/dlc/dlc_icon_1.png":"6058a9b3","game2/assets/dlc/dlc_icon_2.png":"f0222537","game2/assets/dlc/dlc_icon_3.png":"53698595","game2/assets/dlc/dlc_icon_4.png":"cd9ad3a1","game2/assets/dlc/dlc_icon_5.png":"fd4821dd","game2/assets/dlc/dlc_icon_6.png":"11e6c022","game2/assets/dlc/dlc_kuang_1.png":"9417c5a4","game2/assets/dlc/dlc_kuang_2.png":"9c1378e1","game2/assets/dlc/dlc_kuang_3.png":"d3bbc866","game2/assets/dlc/dlc_kuang_4.png":"7f079d41","game2/assets/dlc/dlc_kuang_5.png":"162a8bc2","game2/assets/dlc/dlc_kuang_6.png":"f6cf7080","game2/assets/dlc/dlc_kuang_7.png":"50138a91","game2/assets/dlc/dlc_kuang_8.png":"45fff947","game2/assets/dlc/dlc_kuang_9.png":"9c1ad5c2","game2/assets/dlc/dlc_panel_1.png":"c89d0c2","game2/assets/dlc/dlc_panel_2.png":"f024ac3","game2/assets/dlc/dlc_panel_3.png":"807cba0b","game2/assets/dlc/dlc_panel_4.png":"275872c9","game2/assets/dlc/dlc_panel_main_bj.jpg":"432a33d0","game2/assets/dlc/dlc_panel_over.png":"561ca807","game2/assets/dlc/dlc_photo_bg.png":"d08c4bf2","game2/assets/dlc/dlc_select_icon.png":"fa053f54","game2/assets/dlc/dlc_startButton_text.png":"48782f31","game2/assets/dlc/dlc_start_1.png":"13543902","game2/assets/dlc/dlc_start_2.png":"ec29e3e0","game2/assets/dlc/dlc_start_3.png":"ea106f0f","game2/assets/dlc/dlc_text_back.png":"b397314","game2/assets/dlc/dlc_text_kuang_10.png":"c1a6e8db","game2/assets/dlc/dlc_text_next.png":"2ae8d02a","game2/assets/dlc/dlc_unselect_icon.png":"3298b339","game2/assets/dlc/secretShop.png":"915fad72","game2/assets/dlc/slianai.png":"a72715d7","game2/assets/dlc/xiehoukouya.png":"c57e1dc5","game2/assets/load/load_bg1.jpg":"f48ca9d1","game2/assets/load/load_jindutiao1.png":"8191da21","game2/assets/load/load_jindutiao2.png":"7cc00ba8","game2/assets/anim/upgrade/upgradeAnim.json":"cca6cea0","game2/assets/anim/upgrade/upgradeAnim.png":"d4f78305","game2/assets/anim/loading/loadingAnim.json":"ba6b089f","game2/assets/anim/loading/loadingAnim.png":"883f3c83","game2/assets/dlc/dlc_doc_p/dlc_doc_p1.jpg":"7fb8acaa","game2/assets/dlc/dlc_doc_p/dlc_doc_p2.jpg":"58d58250","game2/assets/dlc/dlc_doc_p/dlc_doc_p3.jpg":"f41c0589","game2/assets/dlc/dlc_doc_p/dlc_doc_p4.jpg":"2eb03cf4","game2/assets/dlc/dlc_doc_p/dlc_doc_p5.jpg":"50982bfb","game2/assets/dlc/dlc_doc_p/dlc_image.jpg":"db8e5d0f","game2/assets/dlc/lihui/lihui1-1.jpg":"e5418cb2","game2/assets/dlc/lihui/lihui1-2.jpg":"29f704f1","game2/assets/dlc/lihui/lihui1-3.jpg":"364557b6","game2/assets/dlc/lihui/lihui10-1.jpg":"c197cec3","game2/assets/dlc/lihui/lihui10-2.jpg":"ad102910","game2/assets/dlc/lihui/lihui10-3.jpg":"9f7d7199","game2/assets/dlc/lihui/lihui2-1.jpg":"9f7d7199","game2/assets/dlc/lihui/lihui2-2.jpg":"ad102910","game2/assets/dlc/lihui/lihui2-3.jpg":"4e011d2d","game2/assets/dlc/lihui/lihui3-1.jpg":"d15b2d3","game2/assets/dlc/lihui/lihui3-2.jpg":"d15b2d3","game2/assets/dlc/lihui/lihui3-3.jpg":"d15b2d3","game2/assets/dlc/lihui/lihui4-1.jpg":"71234b35","game2/assets/dlc/lihui/lihui4-2.jpg":"71234b35","game2/assets/dlc/lihui/lihui4-3.jpg":"71234b35","game2/assets/dlc/lihui/lihui5-1.jpg":"2980d2c2","game2/assets/dlc/lihui/lihui5-2.jpg":"2980d2c2","game2/assets/dlc/lihui/lihui5-3.jpg":"2980d2c2","game2/assets/dlc/lihui/lihui6-1.jpg":"65118471","game2/assets/dlc/lihui/lihui6-2.jpg":"65118471","game2/assets/dlc/lihui/lihui6-3.jpg":"65118471","game2/assets/dlc/lihui/lihui7-1.jpg":"ed5bc391","game2/assets/dlc/lihui/lihui7-2.jpg":"4e011d2d","game2/assets/dlc/lihui/lihui7-3.jpg":"4e011d2d","game2/assets/dlc/lihui/lihui8-1.jpg":"ed5bc391","game2/assets/dlc/lihui/lihui8-2.jpg":"ed5bc391","game2/assets/dlc/lihui/lihui8-3.jpg":"ed5bc391","game2/assets/dlc/lihui/lihui9-1.jpg":"ed5bc391","game2/assets/dlc/lihui/lihui9-2.jpg":"9f7d7199","game2/assets/dlc/lihui/lihui9-3.jpg":"4e011d2d","game2/assets/xindong/loading/baixingxing.png":"79ddb6eb","game2/assets/xindong/loading/loading-1-1.png":"4823fa69","game2/assets/xindong/music/calling.mp3":"f1d5b42f","game2/assets/xindong/music/canteen.mp3":"6741b38d","game2/assets/xindong/music/carnie.mp3":"1ca7d1bf","game2/assets/xindong/music/cat.mp3":"2a18ddc","game2/assets/xindong/music/close.mp3":"d272f074","game2/assets/xindong/music/close2.mp3":"3190b976","game2/assets/xindong/music/common_use.mp3":"7e3f9d4f","game2/assets/xindong/music/dialogue_pop.mp3":"a7670457","game2/assets/xindong/music/facetime.mp3":"3c8fbc68","game2/assets/xindong/music/g2_click.mp3":"b94f6c14","game2/assets/xindong/music/gym.mp3":"5523bc61","game2/assets/xindong/music/levelup.mp3":"53af0680","game2/assets/xindong/music/library.mp3":"8134bde6","game2/assets/xindong/music/love_done.mp3":"25c7cd78","game2/assets/xindong/music/new_msg.mp3":"6645ef20","game2/assets/xindong/music/number_add.mp3":"a3d8a2d1","game2/assets/xindong/music/number_reduce.mp3":"344433e","game2/assets/xindong/music/page_switch.mp3":"51785444","game2/assets/xindong/music/park.mp3":"aaa7407","game2/assets/xindong/music/return.mp3":"84bf03c5","game2/assets/xindong/music/select.mp3":"f854b5c0","game2/assets/xindong/music/sent_msg.mp3":"6645ef20","game2/assets/xindong/music/shopping.mp3":"ccc24d9a","game2/assets/xindong/music/success.mp3":"8c5242c9","game2/assets/xindong/music/time_click.mp3":"22ec997e","game2/assets/xindong/music/working.mp3":"2ea0ff6","game2/assets/xindong/music/work_done.mp3":"a00e2a4","game2/assets/xindong/music/wrong_answer.mp3":"befdf5c6","game2/assets/xin2/act/act_30yuan.png":"28134da","game2/assets/xin2/act/act_bg.png":"9f89dd99","game2/assets/xin2/act/act_btn.png":"3f262a6b","game2/assets/xin2/act/act_btn0.png":"35f647a4","game2/assets/xin2/act/act_btn1.png":"64c0cb","game2/assets/xin2/act/act_btn2.png":"1a874c4c","game2/assets/xin2/act/act_btn_bg.png":"14199cab","game2/assets/xin2/act/act_btn_bg2.png":"ec1489da","game2/assets/xin2/act/act_day_bg.png":"d5553078","game2/assets/xin2/act/act_gift_inputbg.png":"9548cc3e","game2/assets/xin2/act/act_lingqu.png":"7504ecb3","game2/assets/xin2/act/act_page0_title.png":"72c38733","game2/assets/xin2/act/act_page0_title_01.png":"899c74b8","game2/assets/xin2/act/act_page1_content.png":"b13e84e","game2/assets/xin2/act/act_page2_content.png":"a2d89483","game2/assets/xin2/act/act_page4_inputbg.png":"abb97211","game2/assets/xin2/act/act_page4_title.png":"d04415d4","game2/assets/xin2/act/act_page6_content.png":"d1272cac","game2/assets/xin2/act/act_receive_black.png":"1d96f665","game2/assets/xin2/act/act_receive_btn0.png":"90258a02","game2/assets/xin2/act/act_receive_btn1.png":"a7ec79e0","game2/assets/xin2/act/act_receive_btn_black.png":"8e2eaf23","game2/assets/xin2/act/act_red_tip.png":"edf980a6","game2/assets/xin2/act/act_shouchong_btn.png":"5399889","game2/assets/xin2/act/act_title.png":"196ea1cc","game2/assets/xin2/act/act_yilingqu.png":"96828ee0","game2/assets/xin2/bag/bag2_baidi.png":"d9a7dbc7","game2/assets/xin2/bag/bag2_BG.jpg":"af479af3","game2/assets/xin2/bag/bag2_dangao.png":"b475126","game2/assets/xin2/bag/bag2_ditu.png":"6962435","game2/assets/xin2/bag/bag2_gundongtiao.png":"53090312","game2/assets/xin2/bag/bag2_gundongtiao1.png":"f12be825","game2/assets/xin2/bag/bag2_jiahao.png":"bbcffffa","game2/assets/xin2/bag/bag2_jiahao1.png":"ae5d938a","game2/assets/xin2/bag/bag2_jianhao.png":"8fcff7b","game2/assets/xin2/bag/bag2_jianhao1.png":"852e1d58","game2/assets/xin2/bag/bag2_lvseanniu.png":"ab8d1f5f","game2/assets/xin2/bag/bag2_qianwansahngcheng.png":"78ee1951","game2/assets/xin2/bag/bag2_queding.png":"66931cdc","game2/assets/xin2/bag/bag2_quxiao.png":"47e92ff6","game2/assets/xin2/bag/bag2_tiantianquan.png":"222ec716","game2/assets/xin2/bag/bag2_toumingdi.png":"1170cee0","game2/assets/xin2/bag/bag2_tupianceng.png":"46806403","game2/assets/xin2/bag/bag2_zhezhao.png":"b0f924dd","game2/assets/xin2/bag/bag2_zhezhao1.png":"5deccdb6","game2/assets/xin2/bag/bag2_zhishibing.png":"1e2bd7ef","game2/assets/xin2/bag/beibao-dangao.png":"583036ec","game2/assets/xin2/bag/beibao_bg.jpg":"7a758ffa","game2/assets/xin2/bag/beibao_xindong.jpg":"efe51136","game2/assets/xin2/login/login2_denglu.png":"a69c94a0","game2/assets/xin2/login/login2_ditu.png":"26d97878","game2/assets/xin2/login/login2_ditu2.png":"961b1fe2","game2/assets/xin2/login/login2_ditu3.png":"47dc25c6","game2/assets/xin2/login/login2_fanhui.png":"841ed1ca","game2/assets/xin2/login/login2_hongseanniu.png":"9836593d","game2/assets/xin2/login/login2_kaishi.png":"14b3fb35","game2/assets/xin2/login/login2_lvseanniu.png":"a893f125","game2/assets/xin2/login/login2_qingquerenmima.png":"18b27a05","game2/assets/xin2/login/login2_qingshurumima.png":"c7ccb59d","game2/assets/xin2/login/login2_qingshuruzhzanghao.png":"de44ee9d","game2/assets/xin2/login/login2_queding.png":"4a4d6525","game2/assets/xin2/login/login2_ren.png":"aab252c7","game2/assets/xin2/login/login2_shaizi.png":"9ffb7365","game2/assets/xin2/login/login2_suo.png":"9524e6f5","game2/assets/xin2/login/login2_yuanxinganniu.png":"a78c921f","game2/assets/xin2/login/login2_zhanghaodenglu.png":"ec58384","game2/assets/xin2/login/login2_zhanghaozhuce.png":"dda74923","game2/assets/xin2/login/login2_zhuce.png":"8fe82651","game2/assets/xin2/login/login_logo.png":"50ba7ecb","game2/assets/xin2/gift/gift_anniuxiadeguang.png":"d6f239db","game2/assets/xin2/gift/gift_biaoti.png":"eb5e0f9","game2/assets/xin2/gift/gift_ditu.png":"bf275e76","game2/assets/xin2/gift/gift_goumai.png":"ca6feb99","game2/assets/xin2/gift/gift_jiaqian.png":"9ce4cc58","game2/assets/xin2/gift/gift_jinbi.png":"579162ac","game2/assets/xin2/gift/gift_jinbi1.png":"75d0e50a","game2/assets/xin2/gift/gift_wenzixinxi.png":"48b99fde","game2/assets/xin2/gift/gift_X.png":"44f708a6","game2/assets/xin2/gift/gift_youbiandeqiqiu.png":"5dd4046a","game2/assets/xin2/gift/gift_zuobiandeqiqiu.png":"dad21d08","game2/assets/xin2/gift/libao_cd.png":"8b8b1e54","game2/assets/xin2/gift/libao_finish.png":"e2ee34b2","game2/assets/xin2/gift/libao_miaohui.png":"ada86c81","game2/assets/xin2/gift/libao_title1.png":"50007e1d","game2/assets/xin2/gift/libao_title2.png":"341c0408","game2/assets/xin2/gift/libao_title3.png":"ff844e89","game2/assets/xin2/gift/libao_title4.png":"a4e04042","game2/assets/xin2/gift/libao_video.png":"7f17209f","game2/assets/xin2/gift/tili_bg.png":"5515fe56","game2/assets/xin2/gift/tili_linqu.png":"9813e322","game2/assets/xin2/gift/tili_text.png":"e159d836","game2/assets/xin2/gift/tili_title.png":"a54062a9","game2/assets/xin2/gift/tili_yilinqu.png":"fd02fe61","game2/assets/xin2/follow/follow_btn.png":"e29ac8ae","game2/assets/xin2/love/dacheng_1.png":"1d8eedff","game2/assets/xin2/love/dacheng_2.png":"5b138808","game2/assets/xin2/love/dacheng_3.png":"6373f45c","game2/assets/xin2/love/dacheng_4.png":"a639955c","game2/assets/xin2/love/dacheng_dacheng.png":"11d77b03","game2/assets/xin2/love/dacheng_xin.png":"13d174b7","game2/assets/xin2/love/love2_bg.jpg":"508adc1a","game2/assets/xin2/love/love2_kaishi.png":"8bfdc60","game2/assets/xin2/love/love2_tili.png":"73d0b5ea","game2/assets/xin2/love/love2_xindongzhi.png":"e878d420","game2/assets/xin2/love/love2_zhezhao.png":"dc7c7ef7","game2/assets/xin2/love/tishi.png":"c8ef4458","game2/assets/xin2/love/work2_anniu.png":"12e236fd","game2/assets/xin2/love/work2_bg.jpg":"e32f8acf","game2/assets/xin2/love/work2_ditu.png":"b069743b","game2/assets/xin2/love/work2_fachuandan.png":"e031608b","game2/assets/xin2/love/work2_gongzuo.png":"5e7e64ce","game2/assets/xin2/love/work2_jianzhijiajiao.png":"104d528a","game2/assets/xin2/love/work2_jinbi.png":"57afbda9","game2/assets/xin2/love/work2_jindutiao.png":"761bd505","game2/assets/xin2/love/work2_jindutiaodi.png":"654bfa1","game2/assets/xin2/love/work2_keshengzhi.png":"9a323b4e","game2/assets/xin2/love/work2_shixiyuangong.png":"459cefbb","game2/assets/xin2/love/work2_suozi.png":"61fa968c","game2/assets/xin2/love/work2_tou.png":"8d69a295","game2/assets/xin2/love/work2_zhengshiyuangong.png":"fe799464","game2/assets/xin2/love/work2_zhezhao1.png":"9f7c51a","game2/assets/xin2/love/workpro_jindutiao1.png":"53cb6106","game2/assets/xin2/love/workpro_jindutiao2.png":"7cc00ba8","game2/assets/xin2/love/workpro_lijiwancheng.png":"7467700d","game2/assets/xin2/love/work_shengzhi.png":"4f8d5a6d","game2/assets/xin2/redPacket/red_packet.png":"9af5c9c","game2/assets/xin2/redPacket/red_packet_1.png":"2ac5818d","game2/assets/xin2/redPacket/red_packet_10.png":"ae7d4b58","game2/assets/xin2/redPacket/red_packet_11.png":"53117500","game2/assets/xin2/redPacket/red_packet_2.png":"45c10a4a","game2/assets/xin2/redPacket/red_packet_3.png":"91d193e0","game2/assets/xin2/redPacket/red_packet_6.png":"4111d589","game2/assets/xin2/redPacket/red_packet_7.png":"f266bb8c","game2/assets/xin2/redPacket/red_packet_8.png":"36ed0ce","game2/assets/xin2/redPacket/red_packet_9.png":"2d75deae","game2/assets/xin2/main/laba.png":"8aec4f74","game2/assets/xin2/main/main2_beibao.png":"cbaed974","game2/assets/xin2/main/main2_beijingtu_1.jpg":"699e2a76","game2/assets/xin2/main/main2_beijingtu_2.jpg":"7e577422","game2/assets/xin2/main/main2_dianhua.png":"b0b39c74","game2/assets/xin2/main/main2_ditu.png":"13a29fbe","game2/assets/xin2/main/main2_fuli.png":"b0bc8b90","game2/assets/xin2/main/main2_gongzuo.png":"7eb9360b","game2/assets/xin2/main/main2_jiahao1.png":"91e226b7","game2/assets/xin2/main/main2_jiahao2.png":"c921d5bd","game2/assets/xin2/main/main2_jiahao3.png":"dae1daf0","game2/assets/xin2/main/main2_jinbi.png":"7d1234a5","game2/assets/xin2/main/main2_lianai.png":"ba528879","game2/assets/xin2/main/main2_lingqu.png":"73a19d5d","game2/assets/xin2/main/main2_logo.png":"f3fe6eea","game2/assets/xin2/main/main2_main2_tilitiao.png":"5761cb7b","game2/assets/xin2/main/main2_main3_tilizhi.png":"f5c15958","game2/assets/xin2/main/main2_MAX.png":"e0a563d3","game2/assets/xin2/main/main2_qiandao.png":"d6e81b9c","game2/assets/xin2/main/main2_shangcheng.png":"94e6438d","game2/assets/xin2/main/main2_shezhi.png":"96620707","game2/assets/xin2/main/main2_shipin.png":"110600a0","game2/assets/xin2/main/main2_tianshu.png":"2f0aede","game2/assets/xin2/main/main2_tili.png":"9ec91af2","game2/assets/xin2/main/main2_tili2.png":"af44be4a","game2/assets/xin2/main/main2_tilitiao.png":"bf3784fc","game2/assets/xin2/main/main2_tilizhi-aixin.png":"9b11d958","game2/assets/xin2/main/main2_tilizhi.png":"62ea70bf","game2/assets/xin2/main/main2_tishi.png":"f5d6071c","game2/assets/xin2/main/main2_tishiditu.png":"8c4df564","game2/assets/xin2/main/main2_toumingdi.png":"211ff54f","game2/assets/xin2/main/main2_tubiaodi.png":"32e5d004","game2/assets/xin2/main/main2_weibo.png":"a2d17fd5","game2/assets/xin2/main/main2_weixin.png":"724d6a8a","game2/assets/xin2/main/main2_zhezhao_1.png":"d38787e6","game2/assets/xin2/main/main2_zuanshi.png":"ee117d58","game2/assets/xin2/main/main_buy_tip.png":"3906d1ca","game2/assets/xin2/main/main_notice_01.png":"840a7b00","game2/assets/xin2/main/main_notice_02.png":"6f1770dc","game2/assets/xin2/main/main_notice_03.png":"855c6b0c","game2/assets/xin2/main/main_notice_04.png":"a19bbfd4","game2/assets/xin2/main/main_notice_05.png":"744a6831","game2/assets/xin2/main/main_notice_06.png":"a968298a","game2/assets/xin2/main/main_notice_di01.png":"b64493d1","game2/assets/xin2/main/main_notice_di02.png":"7d468a8a","game2/assets/xin2/main/sm_btn.png":"d587362f","game2/assets/xin2/main/yindao_fang.png":"bef62fb8","game2/assets/xin2/main/yindao_gold.png":"b9db001","game2/assets/xin2/main/yindao_handdowm.png":"3e3ddba6","game2/assets/xin2/main/yindao_handleft.png":"be6d9d4a","game2/assets/xin2/main/yindao_handup.png":"fb53f9ea","game2/assets/xin2/main/yindao_heart.png":"89191f78","game2/assets/xin2/main/yindao_miao.png":"d1b8101c","game2/assets/xin2/main/yindao_quan.png":"f3959452","game2/assets/xin2/main/yindao_quan2.png":"6ea9e497","game2/assets/xin2/main/yindao_quan3.png":"f5289d5f","game2/assets/xin2/main/yindao_shuru.png":"15552588","game2/assets/xin2/main/yindao_work.png":"c12ff805","game2/assets/xin2/set/set2_ditu.png":"bdd437ad","game2/assets/xin2/set/set2_fuzhiid.png":"c4984ac1","game2/assets/xin2/set/set2_guan.png":"6ffcefff","game2/assets/xin2/set/set2_jianyi.png":"c2c2a89e","game2/assets/xin2/set/set2_kai.png":"3f037347","game2/assets/xin2/set/set2_shezhi.png":"7007d019","game2/assets/xin2/set/set2_toumingkuang.png":"36ba644a","game2/assets/xin2/set/set2_yinyue.png":"d65112cc","game2/assets/xin2/set/set2_youjian.png":"1f03221a","game2/assets/xin2/set/set_line.png":"d94a1b00","game2/assets/xin2/set/set_xieyi.png":"8040f829","game2/assets/xin2/set/xieyi_queding.png":"4a4d6525","game2/assets/xin2/set/xieyi_title.png":"cd6d807f","game2/assets/xin2/set/youjian_bantoumingdi.png":"ef0a69d7","game2/assets/xin2/set/youjian_biaoti.png":"a5dddeaa","game2/assets/xin2/set/youjian_ditu.png":"81ffd952","game2/assets/xin2/set/youjian_fujian.png":"f12dd1c2","game2/assets/xin2/set/youjian_lingqu.png":"9813e322","game2/assets/xin2/set/youjian_tubiao.png":"241dbe19","game2/assets/xin2/set/youjian_youjian.png":"369db068","game2/assets/xin2/share/sendToDe_btn.png":"f6029ca1","game2/assets/xin2/share/share_btn.png":"840f0021","game2/assets/xin2/share/share_content.png":"d1acabc2","game2/assets/xin2/share/share_friend.png":"ec4853dd","game2/assets/xin2/share/share_qq.png":"9a8e481a","game2/assets/xin2/share/share_tip.png":"846e2f37","game2/assets/xin2/share/share_title.png":"d62dd960","game2/assets/xin2/share/share_title2.png":"3fe8c7e9","game2/assets/xin2/share/share_weibo.png":"dc12fc30","game2/assets/xin2/share/share_weixin.png":"611e3332","game2/assets/xin2/share/share_zone.png":"4e388396","game2/assets/xin2/bgs/game_bg_10a_bg.jpg":"d88b6233","game2/assets/xin2/bgs/game_bg_11a_bg.jpg":"98b41607","game2/assets/xin2/bgs/game_bg_1a_bg.jpg":"86273324","game2/assets/xin2/bgs/game_bg_2a_bg.jpg":"280a01c5","game2/assets/xin2/bgs/game_bg_3a_bg.jpg":"254c8d74","game2/assets/xin2/bgs/game_bg_4a_bg.jpg":"216a06f9","game2/assets/xin2/bgs/game_bg_5a_bg.jpg":"bde4399e","game2/assets/xin2/bgs/game_bg_6a_bg.jpg":"762c5c43","game2/assets/xin2/bgs/game_bg_7a_bg.jpg":"699e2a76","game2/assets/xin2/bgs/game_bg_8a_bg.jpg":"3ecbf860","game2/assets/xin2/bgs/game_bg_9a_bg.jpg":"29876bcf","game2/assets/xin2/shipin/game_bg_10a.png":"420dbfa5","game2/assets/xin2/shipin/game_bg_10a_b.png":"8e9d9921","game2/assets/xin2/shipin/game_bg_11a.png":"6b2831a9","game2/assets/xin2/shipin/game_bg_11a_b.png":"9966b05e","game2/assets/xin2/shipin/game_bg_1a.png":"e3e9d83d","game2/assets/xin2/shipin/game_bg_1a_b.png":"a2af6294","game2/assets/xin2/shipin/game_bg_2a.png":"76deb037","game2/assets/xin2/shipin/game_bg_2a_b.png":"f3be6675","game2/assets/xin2/shipin/game_bg_3a.png":"a7d104ef","game2/assets/xin2/shipin/game_bg_3a_b.png":"76012678","game2/assets/xin2/shipin/game_bg_4a.png":"f94283ca","game2/assets/xin2/shipin/game_bg_4a_b.png":"e0179ece","game2/assets/xin2/shipin/game_bg_5a.png":"8f814b19","game2/assets/xin2/shipin/game_bg_5a_b.png":"30eb3a22","game2/assets/xin2/shipin/game_bg_6a.png":"83e38935","game2/assets/xin2/shipin/game_bg_6a_b.png":"45537697","game2/assets/xin2/shipin/game_bg_7a.png":"d14b2ddd","game2/assets/xin2/shipin/game_bg_7a_b.png":"b5d874c9","game2/assets/xin2/shipin/game_bg_8a.png":"9cf2dcd4","game2/assets/xin2/shipin/game_bg_8a_b.png":"f1e20350","game2/assets/xin2/shipin/game_bg_9a.png":"1161e1de","game2/assets/xin2/shipin/game_bg_9a_b.png":"10bbdd7c","game2/assets/xin2/shipin/game_bg_icon.png":"5ed561e","game2/assets/xin2/shipin/game_bg_icon_1.png":"6711ac80","game2/assets/xin2/shipin/game_bg_none.png":"ce67c417","game2/assets/xin2/shipin/game_sms_item_panel.png":"c43ca3ef","game2/assets/xin2/shipin/game_sms_pop_01.png":"5dd4046a","game2/assets/xin2/shipin/game_sms_pop_02.png":"77fc637c","game2/assets/xin2/shipin/game_sms_pop_start.png":"fcc0ded3","game2/assets/xin2/shipin/game_sms_womon.png":"7e2fb73f","game2/assets/xin2/shipin/shipin2_BG.jpg":"8696d14e","game2/assets/xin2/shipin/shipin2_bofang.png":"2f149933","game2/assets/xin2/shipin/shipin2_heisebantoumingzhezhao.png":"5277bd37","game2/assets/xin2/shipin/shipin2_huiyi.png":"12aff1f7","game2/assets/xin2/shipin/shipin2_jinbizhezhao.png":"4412786a","game2/assets/xin2/shipin/shipin2_suo.png":"917e543c","game2/assets/xin2/shipin/shipin2_zhencang.png":"5242100b","game2/assets/xin2/shipin/shipin2_zizhezhao.png":"fcee8aaa","game2/assets/xin2/shipin/shipin_2_btn_line.png":"68fa172e","game2/assets/xin2/shipin/shipin_2_btn_off.png":"b9ecf407","game2/assets/xin2/shipin/shipin_2_btn_on.png":"4d84d52d","game2/assets/xin2/shipin/shipin_2_btn_panel.png":"75705947","game2/assets/xin2/wechat/weixin2_-.png":"4ca54d4","game2/assets/xin2/wechat/weixin2_bantoumingditu.png":"f458d166","game2/assets/xin2/wechat/weixin2_datouxiangkuang.png":"997ed817","game2/assets/xin2/wechat/weixin2_datouxiangmengban.png":"8a5e35c8","game2/assets/xin2/wechat/weixin2_di.png":"cce9940e","game2/assets/xin2/wechat/weixin2_fasong.png":"2edf7ff9","game2/assets/xin2/wechat/weixin2_fasonganniu.png":"12e236fd","game2/assets/xin2/wechat/weixin2_fengexian.png":"12966139","game2/assets/xin2/wechat/weixin2_heisebantoumingditu.png":"5d25f9eb","game2/assets/xin2/wechat/weixin2_huiseanniu.png":"f3d1aeb2","game2/assets/xin2/wechat/weixin2_liaotiankuang.png":"e1b89370","game2/assets/xin2/wechat/weixin2_liaotianqipaoduifang.png":"7ef57ea9","game2/assets/xin2/wechat/weixin2_liaotianqipaoziji.png":"e6399f96","game2/assets/xin2/wechat/weixin2_linshitouxiang.png":"b8e90d20","game2/assets/xin2/wechat/weixin2_linshitouxiang2.png":"26e1f73d","game2/assets/xin2/wechat/weixin2_xiaotouxiangkuang.png":"476bbb46","game2/assets/xin2/wechat/weixin2_xiaotouxiangmengban.png":"11b4862f","game2/assets/xin2/wechat/weixin2_xinsui.png":"aa9ab14","game2/assets/xin2/wechat/weixin2_xuanzeduihua.png":"befdff79","game2/assets/xin2/wechat/weixin2_xuanzeliaotian2.png":"455adc32","game2/assets/xin2/tel/hs_yuyin_1.png":"b04ae7b9","game2/assets/xin2/tel/tel2_aixin.png":"b2d0b83c","game2/assets/xin2/tel/tel2_bg.png":"ba58b903","game2/assets/xin2/tel/tel2_bohao.png":"4a61578c","game2/assets/xin2/tel/tel2_bohaojiemian.png":"79878e9b","game2/assets/xin2/tel/tel2_guaduan.png":"d89ae988","game2/assets/xin2/tel/tel2_shuzikuang.png":"f32869bc","game2/assets/xin2/tel/tel2_xiaoguo.png":"966610b8","game2/assets/xin2/tel/tel2_xingxing.png":"263813c8","game2/assets/xin2/tel/tel2_zhengzaihujiao.png":"ae773ac8","game2/assets/xin2/weibo/weibo2_BG.jpg":"7af8ece1","game2/assets/xin2/weibo/weibo2_dianzan.png":"28a4c07e","game2/assets/xin2/weibo/weibo2_pinglun.png":"7b3dc0ba","game2/assets/xin2/weibo/weibo2_toumingdi.png":"ea82e868","game2/assets/xin2/weibo/weibo2_weibo2_baidi.png":"8995e0b2","game2/assets/xin2/weibo/weibo2_xin.png":"81c56e6e","game2/assets/xin2/weibo/weibo2_xingbie.png":"c7a3fead","game2/assets/xin2/shop/libao_ditu.png":"c479512","game2/assets/xin2/shop/shop2_anniu.png":"8ffb583a","game2/assets/xin2/shop/shop2_baobaoxiong.png":"67c882be","game2/assets/xin2/shop/shop2_biaoqian.png":"1c7c36d6","game2/assets/xin2/shop/shop2_chaozhi.png":"9a6aa822","game2/assets/xin2/shop/shop2_dangao.png":"70104d4a","game2/assets/xin2/shop/shop2_ditu.png":"820d46e9","game2/assets/xin2/shop/shop2_ditu2.png":"235787c0","game2/assets/xin2/shop/shop2_double.png":"b0553387","game2/assets/xin2/shop/shop2_goumaidaju.png":"5549122f","game2/assets/xin2/shop/shop2_goumaidaoju1.png":"207bf96b","game2/assets/xin2/shop/shop2_goumaijinbi.png":"7679347a","game2/assets/xin2/shop/shop2_goumaijinbi1.png":"e9d531e5","game2/assets/xin2/shop/shop2_goumailibao.png":"1deb059","game2/assets/xin2/shop/shop2_goumailibao1.png":"474ba959","game2/assets/xin2/shop/shop2_goumaizhuanshi.png":"528a3192","game2/assets/xin2/shop/shop2_goumaizhuanshi2.png":"9da78788","game2/assets/xin2/shop/shop2_jinbi.png":"dab78769","game2/assets/xin2/shop/shop2_jinbi2.png":"e623d621","game2/assets/xin2/shop/shop2_meigui.png":"a954355c","game2/assets/xin2/shop/shop2_renminbi.png":"9117498f","game2/assets/xin2/shop/shop2_shiyitu4.png":"59478b8d","game2/assets/xin2/shop/shop2_shiyitu5.png":"24458345","game2/assets/xin2/shop/shop2_shuangbei.png":"93c51eda","game2/assets/xin2/shop/shop2_xiangoulibai1.png":"bab3856","game2/assets/xin2/shop/shop2_xiangoulibao.png":"1e3a8f2c","game2/assets/xin2/shop/shop2_xindongsuipian.png":"e88eeeae","game2/assets/xin2/shop/shop2_xind_spbg.png":"9afebaa4","game2/assets/xin2/shop/shop2_xuanzhong.png":"e4b5533e","game2/assets/xin2/shop/shop2_zhezhao.png":"ab634dd8","game2/assets/xin2/shop/shop2_zhezhao2.png":"73982714","game2/assets/xin2/shop/shop2_zhuanshi.png":"e6997f04","game2/assets/xin2/shop/shop2_zhuanshi2.png":"807e0798","game2/assets/xin2/shop/shop2_zi.png":"6f9064d3","game2/assets/xin2/shop/shop_common_bottom.png":"60162005","game2/assets/xin2/shop/shop_diamond_01.png":"924f8360","game2/assets/xin2/shop/shop_diamond_02.png":"bb1043b4","game2/assets/xin2/shop/shop_diamond_03.png":"29c1f0be","game2/assets/xin2/shop/shop_diamond_bg.png":"c6b9923e","game2/assets/xin2/shop/shop_diamond_double.png":"13bdbdcc","game2/assets/xin2/shop/shop_diamond_head.png":"844fd4d3","game2/assets/xin2/shop/shop_gifttool_01.png":"10639975","game2/assets/xin2/shop/shop_gifttool_02.png":"3a9682a9","game2/assets/xin2/shop/shop_gifttool_03.png":"73faf737","game2/assets/xin2/shop/shop_gifttool_buy.png":"b7c7505e","game2/assets/xin2/shop/shop_gift_001.png":"c594c0f0","game2/assets/xin2/shop/shop_gift_002.png":"6eb7895f","game2/assets/xin2/shop/shop_gift_003.png":"dfe56a11","game2/assets/xin2/shop/shop_gift_004.png":"295cd617","game2/assets/xin2/shop/shop_gift_005.png":"9663048a","game2/assets/xin2/shop/shop_gift_006.png":"dce38e14","game2/assets/xin2/shop/shop_gift_007.png":"e3875210","game2/assets/xin2/shop/shop_gift_008.png":"22ab1e20","game2/assets/xin2/shop/shop_gift_009.png":"ecfec0a0","game2/assets/xin2/shop/shop_gift_010.png":"ae12843c","game2/assets/xin2/shop/shop_gift_011.png":"a0fe6e28","game2/assets/xin2/shop/shop_gift_012.png":"f76d4e73","game2/assets/xin2/shop/shop_gift_013.png":"a8ca258","game2/assets/xin2/shop/shop_gift_014.png":"57e4ef3b","game2/assets/xin2/shop/shop_gift_015.png":"838cb318","game2/assets/xin2/shop/shop_gift_btn01.png":"e687bb93","game2/assets/xin2/shop/shop_gift_btn02.png":"cd54392b","game2/assets/xin2/shop/shop_gift_di_01.png":"3e2031ad","game2/assets/xin2/shop/shop_gift_di_02.png":"6e603384","game2/assets/xin2/shop/shop_gift_di_bottom.png":"9104fc60","game2/assets/xin2/shop/shop_gift_di_up.png":"2964c1e6","game2/assets/xin2/shop/shop_gift_label_di.png":"98d6b3e1","game2/assets/xin2/shop/shop_gift_rightlabel_di.png":"cfe39e68","game2/assets/xin2/shop/shop_gold_01.png":"91a5e8de","game2/assets/xin2/shop/shop_gold_02.png":"a430b5ec","game2/assets/xin2/shop/shop_gold_03.png":"8ce32711","game2/assets/xin2/shop/shop_gold_bg.png":"869b159e","game2/assets/xin2/shop/shop_gold_head.png":"5214d0b1","game2/assets/xin2/shop/shop_tool_baba.png":"afa6a7a9","game2/assets/xin2/shop/shop_tool_btn01.png":"a5047f00","game2/assets/xin2/shop/shop_tool_btn02.png":"5144298d","game2/assets/xin2/shop/shop_tool_chongwulishi.png":"a1e05594","game2/assets/xin2/shop/shop_tool_dangao.png":"4834ba1b","game2/assets/xin2/shop/shop_tool_diyingpiao.png":"c110e944","game2/assets/xin2/shop/shop_tool_gongyuan.png":"81f795ac","game2/assets/xin2/shop/shop_tool_gongzai.png":"f64fda1a","game2/assets/xin2/shop/shop_tool_gouwu.png":"65a11a33","game2/assets/xin2/shop/shop_tool_huanchangjuan.png":"7007de71","game2/assets/xin2/shop/shop_tool_jianshengka.png":"843ff399","game2/assets/xin2/shop/shop_tool_kehong.png":"a8f14d84","game2/assets/xin2/shop/shop_tool_qiaokeli.png":"d5d08dbf","game2/assets/xin2/shop/shop_tool_rose.png":"26ffbeb","game2/assets/xin2/shop/shop_tool_xianglian.png":"e6d71d08","game2/assets/xin2/shop/shop_tool_xiangshui.png":"38642e49","game2/assets/xin2/shop/shop_tool_youleyuan.png":"b06a1d2"}