{"SubTexture":[{"width":24,"y":28,"height":25,"name":"jin","x":60},{"width":25,"y":55,"height":25,"name":"kuai","x":31},{"width":28,"y":55,"height":25,"name":"jiantou","x":1},{"width":25,"y":55,"height":25,"name":"xu","x":58},{"width":27,"y":82,"height":24,"name":"ji","x":29},{"width":26,"y":82,"height":25,"name":"ji1","x":1},{"width":25,"y":28,"height":25,"name":"dian","x":33},{"width":30,"y":28,"height":25,"name":"xin","x":1},{"width":73,"y":1,"height":25,"name":"zdz","x":1},{"width":5,"y":109,"height":4,"name":"yuandian","x":1},{"width":31,"y":1,"height":25,"name":"quan","x":76},{"width":11,"y":108,"height":11,"name":"A","x":29}],"width":128,"height":128,"name":"PSWJ","imagePath":"PSWJ_tex.png"}