{"file":"game1_buy.png","frames":{"s1_img_buy_heart_png":{"x":385,"y":1506,"w":45,"h":26,"offX":0,"offY":0,"sourceW":45,"sourceH":26},"s1_img_buy_electric_png":{"x":385,"y":1476,"w":94,"h":24,"offX":0,"offY":0,"sourceW":94,"sourceH":24},"s1_img_buy_circle_png":{"x":0,"y":912,"w":715,"h":558,"offX":0,"offY":42,"sourceW":720,"sourceH":600},"s1_img_buy_bg_png":{"x":0,"y":0,"w":720,"h":906,"offX":0,"offY":0,"sourceW":720,"sourceH":906},"s1_btn_close_png":{"x":485,"y":1476,"w":38,"h":38,"offX":0,"offY":0,"sourceW":38,"sourceH":38},"s1_btn_buy_png":{"x":0,"y":1476,"w":379,"h":152,"offX":0,"offY":0,"sourceW":379,"sourceH":152}}}