{"file":"roledetail.png","frames":{"roledetail_zhezhao":{"x":0,"y":153,"w":536,"h":119,"offX":0,"offY":0,"sourceW":536,"sourceH":119},"roledetail_xin3":{"x":982,"y":35,"w":27,"h":24,"offX":0,"offY":0,"sourceW":27,"sourceH":24},"roledetail_xin2":{"x":982,"y":0,"w":37,"h":33,"offX":0,"offY":0,"sourceW":37,"sourceH":33},"roledetail_xin1":{"x":916,"y":0,"w":64,"h":57,"offX":0,"offY":0,"sourceW":64,"sourceH":57},"roledetail_mask":{"x":0,"y":0,"w":710,"h":151,"offX":0,"offY":0,"sourceW":710,"sourceH":151},"roledetail_juese":{"x":538,"y":153,"w":132,"h":132,"offX":0,"offY":0,"sourceW":132,"sourceH":132},"roledetail_huiyi":{"x":672,"y":188,"w":157,"h":67,"offX":0,"offY":0,"sourceW":157,"sourceH":67},"roledetail_duqu":{"x":831,"y":188,"w":157,"h":67,"offX":0,"offY":0,"sourceW":157,"sourceH":67},"roledetail_biaoqian":{"x":672,"y":257,"w":120,"h":38,"offX":0,"offY":0,"sourceW":120,"sourceH":38},"roledetail_anniu":{"x":712,"y":0,"w":202,"h":186,"offX":0,"offY":0,"sourceW":202,"sourceH":186}}}