{"width":2048,"SubTexture":[{"width":1280,"y":1,"height":720,"name":"beijing","x":1},{"width":536,"y":1445,"height":514,"name":"guangquan","x":1},{"width":336,"y":1445,"height":99,"name":"xindi","x":1461},{"width":425,"y":1445,"height":95,"name":"jian","x":1034},{"width":181,"y":1542,"height":161,"name":"hongxin","x":1217},{"width":181,"y":1542,"height":161,"name":"lanxin","x":1034},{"width":18,"y":1647,"height":17,"name":"xin3","x":1931},{"width":24,"y":1643,"height":22,"name":"xin2","x":1831},{"width":32,"y":1546,"height":30,"name":"xin1","x":1762},{"width":493,"y":1445,"height":148,"name":"biaoti","x":539},{"width":34,"y":1578,"height":20,"name":"shitou","x":1762},{"width":39,"y":1606,"height":39,"name":"guang3","x":1934},{"width":39,"y":1634,"height":39,"name":"guang2","x":1860},{"width":28,"y":1634,"height":28,"name":"guang1","x":1901},{"width":1280,"y":723,"height":720,"name":"yunkuang","x":1},{"y":1546,"frameX":0,"frameY":0,"width":142,"frameWidth":146,"height":55,"name":"hongyun","frameHeight":55,"x":1618},{"width":72,"y":1606,"height":26,"name":"guanghuan_1","x":1860},{"width":66,"y":1603,"height":89,"name":"chibang_1","x":1618},{"width":122,"y":1546,"height":197,"name":"gong_1","x":1400},{"width":98,"y":1603,"height":45,"name":"shou2_1","x":1686},{"width":92,"y":1546,"height":96,"name":"shen_1","x":1524},{"width":49,"y":1644,"height":63,"name":"tui1_1","x":1524},{"width":40,"y":1644,"height":53,"name":"tui2_1","x":1575},{"width":195,"y":1445,"height":159,"name":"tou_1","x":1799},{"width":43,"y":1647,"height":27,"name":"zuiba_1","x":1786},{"width":21,"y":1667,"height":22,"name":"yan1_1","x":1831},{"width":21,"y":1626,"height":21,"name":"yan2_1","x":1975},{"width":37,"y":1606,"height":18,"name":"meimao_1","x":1975},{"width":14,"y":1647,"height":11,"name":"biyuan_1","x":1951},{"width":72,"y":1606,"height":35,"name":"shou_1","x":1786}],"height":2048,"name":"GZSlogoDHHB","imagePath":"GZSlogoDHHB_tex.png"}