{"file":"memory.png","frames":{"memory_bizhi_png":{"x":639,"y":191,"w":94,"h":70,"offX":0,"offY":0,"sourceW":94,"sourceH":70},"memory_bofang_png":{"x":352,"y":0,"w":116,"h":116,"offX":0,"offY":0,"sourceW":116,"sourceH":116},"memory_btn0_png":{"x":428,"y":308,"w":94,"h":82,"offX":0,"offY":0,"sourceW":94,"sourceH":82},"memory_btn1_png":{"x":352,"y":223,"w":93,"h":83,"offX":0,"offY":0,"sourceW":93,"sourceH":83},"memory_btn2_png":{"x":447,"y":223,"w":94,"h":82,"offX":0,"offY":0,"sourceW":94,"sourceH":82},"memory_downbg_png":{"x":352,"y":118,"w":114,"h":103,"offX":0,"offY":0,"sourceW":114,"sourceH":103},"memory_iconbg_png":{"x":0,"y":0,"w":350,"h":347,"offX":0,"offY":0,"sourceW":350,"sourceH":347},"memory_jieju_png":{"x":543,"y":191,"w":94,"h":70,"offX":0,"offY":0,"sourceW":94,"sourceH":70},"memory_new_png":{"x":127,"y":479,"w":124,"h":29,"offX":0,"offY":0,"sourceW":124,"sourceH":29},"memory_shipin_png":{"x":468,"y":118,"w":93,"h":71,"offX":0,"offY":0,"sourceW":93,"sourceH":71},"memory_titlebg_png":{"x":0,"y":349,"w":426,"h":128,"offX":0,"offY":0,"sourceW":426,"sourceH":128},"memory_using_png":{"x":0,"y":479,"w":125,"h":29,"offX":0,"offY":0,"sourceW":125,"sourceH":29}}}