{"width":2049,"imagePath":"GZSlogoDH3_tex.png","height":1283,"name":"GZSlogoDH3","SubTexture":[{"width":720,"y":1,"height":1280,"name":"beijing","x":723},{"width":536,"y":1,"height":514,"name":"guangquan","x":1445},{"width":336,"y":764,"height":99,"name":"xindi","x":1445},{"width":425,"y":667,"height":95,"name":"jian","x":1445},{"width":181,"y":865,"height":161,"name":"hongxin","x":1445},{"width":181,"y":925,"height":161,"name":"lanxin","x":1628},{"width":18,"y":89,"height":17,"name":"xin3","x":2025},{"width":24,"y":151,"height":22,"name":"xin2","x":2019},{"width":32,"y":121,"height":30,"name":"xin1","x":1983},{"width":493,"y":517,"height":148,"name":"biaoti","x":1445},{"width":34,"y":153,"height":20,"name":"shitou","x":1983},{"width":39,"y":615,"height":39,"name":"guang3","x":2008},{"width":39,"y":656,"height":39,"name":"guang2","x":2008},{"width":28,"y":121,"height":28,"name":"guang1","x":2017},{"width":720,"y":1,"height":1280,"name":"yunkuang","x":1},{"y":865,"frameY":0,"frameWidth":146,"width":142,"frameX":0,"frameHeight":55,"height":55,"name":"hongyun","x":1628},{"width":72,"y":925,"height":26,"name":"guanghuan_1","x":1811},{"width":66,"y":615,"height":89,"name":"chibang_1","x":1940},{"width":122,"y":1028,"height":197,"name":"gong_1","x":1445},{"width":98,"y":706,"height":45,"name":"shou2_1","x":1872},{"width":92,"y":517,"height":96,"name":"shen_1","x":1940},{"width":49,"y":1,"height":63,"name":"tui1_1","x":1983},{"width":40,"y":66,"height":53,"name":"tui2_1","x":1983},{"width":195,"y":764,"height":159,"name":"tou_1","x":1783},{"width":43,"y":667,"height":27,"name":"zuiba_1","x":1872},{"width":21,"y":667,"height":22,"name":"yan1_1","x":1917},{"width":21,"y":66,"height":21,"name":"yan2_1","x":2025},{"width":37,"y":743,"height":18,"name":"meimao_1","x":1972},{"width":14,"y":108,"height":11,"name":"biyuan_1","x":2025},{"width":72,"y":706,"height":35,"name":"shou_1","x":1972}]}