{"file":"gameshare.png","frames":{"gameshare_border_png":{"x":0,"y":0,"w":638,"h":252,"offX":0,"offY":0,"sourceW":638,"sourceH":252},"gameshare_qq_png":{"x":751,"y":222,"w":109,"h":109,"offX":0,"offY":0,"sourceW":109,"sourceH":109},"gameshare_qzone_png":{"x":640,"y":115,"w":109,"h":109,"offX":0,"offY":0,"sourceW":109,"sourceH":109},"gameshare_weixin_png":{"x":813,"y":111,"w":109,"h":109,"offX":0,"offY":0,"sourceW":109,"sourceH":109},"gameshare_weixinquan_png":{"x":813,"y":0,"w":109,"h":109,"offX":0,"offY":0,"sourceW":109,"sourceH":109},"gameshare_woo_png":{"x":640,"y":0,"w":171,"h":113,"offX":0,"offY":0,"sourceW":171,"sourceH":113},"gameshare_xin0_png":{"x":1003,"y":0,"w":10,"h":9,"offX":0,"offY":0,"sourceW":10,"sourceH":9},"gameshare_xin1_png":{"x":982,"y":0,"w":19,"h":16,"offX":0,"offY":0,"sourceW":19,"sourceH":16},"gameshare_xin2_png":{"x":956,"y":0,"w":24,"h":19,"offX":0,"offY":0,"sourceW":24,"sourceH":19},"gameshare_xin3_png":{"x":924,"y":0,"w":30,"h":26,"offX":0,"offY":0,"sourceW":30,"sourceH":26},"gameshare_xinlang_png":{"x":862,"y":222,"w":109,"h":109,"offX":0,"offY":0,"sourceW":109,"sourceH":109}}}