{"mc":{"loadingEffect":{"frameRate":12,"labels":[{"name":"loadingEffect","frame":1,"end":19}],"events":[],"frames":[{"res":"loading_1_png","x":-15,"y":-12},{"res":"loading_2_png","x":-22,"y":-19},{"res":"loading_3_png","x":-28,"y":-25},{"res":"loading_4_png","x":-35,"y":-32},{"res":"loading_5_png","x":-42,"y":-39},{"res":"loading_6_png","x":-47,"y":-44},{"res":"loading_7_png","x":-51,"y":-49},{"res":"loading_8_png","x":-55,"y":-54},{"res":"loading_9_png","x":-60,"y":-58},{"res":"loading_10_png","x":-64,"y":-63},{"res":"loading_11_png","x":-68,"y":-68},{"res":"loading_12_png","x":-39,"y":-27},{"res":"loading_13_png","x":-29,"y":-21},{"res":"loading_14_png","x":-27,"y":-20},{"res":"loading_15_png","x":-34,"y":-23},{"res":"loading_16_png","x":-40,"y":-27},{"res":"loading_17_png","x":-38,"y":-26},{"res":"loading_18_png","x":-36,"y":-26},{"res":"loading_19_png","x":-34,"y":-25}]}},"res":{"loading_8_png":{"x":390,"y":0,"w":110,"h":111},"loading_13_png":{"x":444,"y":276,"w":58,"h":54},"loading_16_png":{"x":0,"y":138,"w":80,"h":72},"loading_10_png":{"x":138,"y":0,"w":128,"h":128},"loading_4_png":{"x":158,"y":216,"w":70,"h":70},"loading_7_png":{"x":390,"y":113,"w":102,"h":103},"loading_6_png":{"x":268,"y":121,"w":94,"h":94},"loading_14_png":{"x":82,"y":138,"w":54,"h":53},"loading_9_png":{"x":268,"y":0,"w":120,"h":119},"loading_3_png":{"x":444,"y":218,"w":56,"h":56},"loading_12_png":{"x":78,"y":216,"w":78,"h":66},"loading_5_png":{"x":138,"y":130,"w":84,"h":84},"loading_11_png":{"x":0,"y":0,"w":136,"h":136},"loading_15_png":{"x":374,"y":218,"w":68,"h":62},"loading_18_png":{"x":230,"y":217,"w":72,"h":68},"loading_19_png":{"x":304,"y":217,"w":68,"h":66},"loading_1_png":{"x":224,"y":130,"w":30,"h":30},"loading_2_png":{"x":374,"y":282,"w":44,"h":44},"loading_17_png":{"x":0,"y":212,"w":76,"h":70}}}