{"mc":{"upgradeAnim":{"frameRate":24,"labels":[{"name":"no_action","frame":1,"end":36}],"events":[],"frames":[{"res":"XDNY_Xin_jiaman_0","x":226,"y":208},{"res":"XDNY_Xin_jiaman_1","x":226,"y":208},{"res":"XDNY_Xin_jiaman_2","x":226,"y":208},{"res":"XDNY_Xin_jiaman_3","x":226,"y":208},{"res":"XDNY_Xin_jiaman_4","x":226,"y":208},{"res":"XDNY_Xin_jiaman_5","x":226,"y":208},{"res":"XDNY_Xin_jiaman_6","x":226,"y":208},{"res":"XDNY_Xin_jiaman_7","x":226,"y":208},{"res":"XDNY_Xin_jiaman_8","x":226,"y":208},{"res":"XDNY_Xin_jiaman_9","x":226,"y":208},{"res":"XDNY_Xin_jiaman_10","x":208,"y":194},{"res":"XDNY_Xin_jiaman_11","x":191,"y":179},{"res":"XDNY_Xin_jiaman_12","x":174,"y":165},{"res":"XDNY_Xin_jiaman_13","x":237,"y":219},{"res":"XDNY_Xin_jiaman_14","x":226,"y":210},{"res":"XDNY_Xin_jiaman_15","x":215,"y":200},{"res":"XDNY_Xin_jiaman_16","x":203,"y":191},{"res":"XDNY_Xin_jiaman_17","x":192,"y":181},{"res":"XDNY_Xin_jiaman_18","x":181,"y":172},{"res":"XDNY_Xin_jiaman_19","x":169,"y":160},{"res":"XDNY_Xin_jiaman_20","x":155,"y":148},{"res":"XDNY_Xin_jiaman_21","x":142,"y":136},{"res":"XDNY_Xin_jiaman_22","x":128,"y":124},{"res":"XDNY_Xin_jiaman_23","x":114,"y":112},{"res":"XDNY_Xin_jiaman_24","x":101,"y":100},{"res":"XDNY_Xin_jiaman_25","x":87,"y":88},{"res":"XDNY_Xin_jiaman_26","x":74,"y":76},{"res":"XDNY_Xin_jiaman_27","x":61,"y":64},{"res":"XDNY_Xin_jiaman_28","x":180,"y":150},{"res":"XDNY_Xin_jiaman_29","x":175,"y":144},{"res":"XDNY_Xin_jiaman_30","x":202,"y":166},{"res":"XDNY_Xin_jiaman_31","x":194,"y":159},{"res":"XDNY_Xin_jiaman_32","x":187,"y":151},{"res":"XDNY_Xin_jiaman_33","x":180,"y":143},{"res":"XDNY_Xin_jiaman_34","x":173,"y":136},{"res":"XDNY_Xin_jiaman_35","x":165,"y":128}]}},"res":{"XDNY_Xin_jiaman_6":{"x":244,"y":843,"w":138,"h":118},"XDNY_Xin_jiaman_3":{"x":698,"y":847,"w":138,"h":118},"XDNY_Xin_jiaman_4":{"x":281,"y":963,"w":138,"h":118},"XDNY_Xin_jiaman_7":{"x":1,"y":852,"w":138,"h":118},"XDNY_Xin_jiaman_19":{"x":1,"y":635,"w":241,"h":215},"XDNY_Xin_jiaman_11":{"x":488,"y":830,"w":208,"h":176},"XDNY_Xin_jiaman_14":{"x":1287,"y":850,"w":131,"h":116},"XDNY_Xin_jiaman_22":{"x":1642,"y":308,"w":319,"h":283},"XDNY_Xin_jiaman_35":{"x":1270,"y":330,"w":279,"h":275},"XDNY_Xin_jiaman_24":{"x":1270,"y":1,"w":370,"h":327},"XDNY_Xin_jiaman_5":{"x":1147,"y":850,"w":138,"h":118},"XDNY_Xin_jiaman_8":{"x":1598,"y":961,"w":138,"h":118},"XDNY_Xin_jiaman_2":{"x":1147,"y":970,"w":138,"h":118},"XDNY_Xin_jiaman_28":{"x":1801,"y":593,"w":241,"h":229},"XDNY_Xin_jiaman_13":{"x":715,"y":510,"w":110,"h":97},"XDNY_Xin_jiaman_30":{"x":1801,"y":824,"w":201,"h":202},"XDNY_Xin_jiaman_15":{"x":715,"y":373,"w":152,"h":135},"XDNY_Xin_jiaman_33":{"x":1551,"y":593,"w":248,"h":246},"XDNY_Xin_jiaman_9":{"x":141,"y":963,"w":138,"h":118},"XDNY_Xin_jiaman_25":{"x":873,"y":1,"w":395,"h":349},"XDNY_Xin_jiaman_27":{"x":1,"y":1,"w":447,"h":392},"XDNY_Xin_jiaman_21":{"x":873,"y":352,"w":293,"h":260},"XDNY_Xin_jiaman_18":{"x":488,"y":636,"w":217,"h":192},"XDNY_Xin_jiaman_23":{"x":1642,"y":1,"w":345,"h":305},"XDNY_Xin_jiaman_10":{"x":1422,"y":841,"w":174,"h":146},"XDNY_Xin_jiaman_34":{"x":450,"y":373,"w":263,"h":261},"XDNY_Xin_jiaman_17":{"x":949,"y":832,"w":196,"h":174},"XDNY_Xin_jiaman_12":{"x":244,"y":636,"w":242,"h":205},"XDNY_Xin_jiaman_29":{"x":1168,"y":607,"w":252,"h":241},"XDNY_Xin_jiaman_26":{"x":450,"y":1,"w":421,"h":370},"XDNY_Xin_jiaman_20":{"x":1,"y":395,"w":268,"h":238},"XDNY_Xin_jiaman_0":{"x":1598,"y":841,"w":138,"h":118},"XDNY_Xin_jiaman_32":{"x":715,"y":614,"w":232,"h":231},"XDNY_Xin_jiaman_31":{"x":949,"y":614,"w":217,"h":216},"XDNY_Xin_jiaman_1":{"x":698,"y":967,"w":138,"h":118},"XDNY_Xin_jiaman_16":{"x":271,"y":395,"w":175,"h":154}}}