{"width":255,"imagePath":"jindutiao2_tex.png","height":256,"name":"jindutiao2","SubTexture":[{"width":51,"y":72,"height":39,"name":"xin","x":160},{"width":44,"y":78,"height":46,"name":"toufa","x":76},{"width":73,"y":1,"height":143,"name":"nvhai","x":1},{"width":20,"y":244,"height":9,"name":"hongyun","x":36},{"width":33,"y":230,"height":24,"name":"qun","x":1},{"width":18,"y":92,"height":20,"name":"xiaotui","x":235},{"width":20,"y":72,"height":37,"name":"datui","x":213},{"width":23,"y":126,"height":13,"name":"jiao","x":76},{"width":78,"y":146,"height":82,"name":"qiqiu","x":1},{"width":33,"y":78,"height":44,"name":"shen","x":122},{"width":82,"y":1,"height":75,"name":"tou","x":76},{"width":19,"y":111,"height":12,"name":"huaban4","x":213},{"width":24,"y":49,"height":16,"name":"huaban1","x":222},{"width":24,"y":230,"height":12,"name":"huaban5","x":36},{"width":18,"y":114,"height":12,"name":"huaban2","x":234},{"width":23,"y":27,"height":20,"name":"huaban3","x":222},{"width":60,"y":1,"height":69,"name":"hua","x":160},{"width":28,"y":1,"height":24,"name":"shoubi","x":222},{"width":16,"y":67,"height":23,"name":"gebo","x":235}]}