{"mc":{"loadingAnim":{"frameRate":24,"labels":[{"name":"no_action","frame":1,"end":21}],"events":[],"frames":[{"res":"loading0000","x":7,"y":7},{"res":"loading0001","x":6,"y":6},{"res":"loading0002","x":4,"y":4},{"res":"loading0003","x":3,"y":3},{"res":"loading0004","x":1,"y":1},{"res":"loading0005","x":0,"y":0},{"res":"loading0006","x":0,"y":0},{"res":"loading0007","x":0,"y":0},{"res":"loading0008","x":0,"y":0},{"res":"loading0009","x":0,"y":0},{"res":"loading0010","x":0,"y":0},{"res":"loading0011","x":0,"y":0},{"res":"loading0012","x":0,"y":0},{"res":"loading0013","x":0,"y":0},{"res":"loading0014","x":0,"y":0},{"res":"loading0015","x":0,"y":0},{"res":"loading0016","x":0,"y":0},{"res":"loading0017","x":0,"y":0},{"res":"loading0018","x":1,"y":1},{"res":"loading0019","x":3,"y":3},{"res":"loading0020","x":4,"y":4}]}},"res":{"loading0005":{"x":787,"y":148,"w":149,"h":144},"loading0018":{"x":633,"y":150,"w":147,"h":141},"loading0009":{"x":320,"y":1,"w":155,"h":149},"loading0004":{"x":633,"y":150,"w":147,"h":141},"loading0014":{"x":477,"y":1,"w":154,"h":148},"loading0013":{"x":320,"y":1,"w":155,"h":149},"loading0010":{"x":161,"y":1,"w":157,"h":151},"loading0012":{"x":161,"y":1,"w":157,"h":151},"loading0000":{"x":1,"y":155,"w":135,"h":130},"loading0003":{"x":477,"y":151,"w":143,"h":138},"loading0008":{"x":477,"y":1,"w":154,"h":148},"loading0006":{"x":787,"y":1,"w":151,"h":145},"loading0017":{"x":787,"y":148,"w":149,"h":144},"loading0020":{"x":320,"y":152,"w":141,"h":136},"loading0016":{"x":787,"y":1,"w":151,"h":145},"loading0001":{"x":161,"y":154,"w":137,"h":132},"loading0019":{"x":477,"y":151,"w":143,"h":138},"loading0015":{"x":633,"y":1,"w":152,"h":147},"loading0011":{"x":1,"y":1,"w":158,"h":152},"loading0007":{"x":633,"y":1,"w":152,"h":147},"loading0002":{"x":320,"y":152,"w":141,"h":136}}}