{"autoGenerateExmlsList":true,"exmls":[],"skins":{"eui.Button":"resource/eui_skins/ButtonSkin.exml","eui.CheckBox":"resource/eui_skins/CheckBoxSkin.exml","eui.HScrollBar":"resource/eui_skins/HScrollBarSkin.exml","eui.HSlider":"resource/eui_skins/HSliderSkin.exml","eui.ItemRenderer":"resource/eui_skins/ItemRendererSkin.exml","eui.Panel":"resource/eui_skins/PanelSkin.exml","eui.ProgressBar":"resource/eui_skins/ProgressBarSkin.exml","eui.RadioButton":"resource/eui_skins/RadioButtonSkin.exml","eui.Scroller":"resource/eui_skins/ScrollerSkin.exml","eui.TextInput":"resource/eui_skins/TextInputSkin.exml","eui.ToggleSwitch":"resource/eui_skins/ToggleSwitchSkin.exml","eui.VScrollBar":"resource/eui_skins/VScrollBarSkin.exml","eui.VSlider":"resource/eui_skins/VSliderSkin.exml"},"path":"resource/default.thm.json"}