{"file":"memory.png","frames":{"memory_bizhi_png":{"x":352,"y":182,"w":94,"h":70,"offX":0,"offY":0,"sourceW":94,"sourceH":70},"memory_welfare_png":{"x":575,"y":203,"w":124,"h":29,"offX":0,"offY":0,"sourceW":124,"sourceH":29},"memory_using_png":{"x":448,"y":182,"w":125,"h":29,"offX":0,"offY":0,"sourceW":125,"sourceH":29},"memory_titlebg1_png":{"x":352,"y":130,"w":326,"h":50,"offX":0,"offY":0,"sourceW":326,"sourceH":50},"memory_titlebg_png":{"x":352,"y":0,"w":426,"h":128,"offX":0,"offY":0,"sourceW":426,"sourceH":128},"memory_shipin_png":{"x":680,"y":130,"w":93,"h":71,"offX":0,"offY":0,"sourceW":93,"sourceH":71},"memory_new_png":{"x":701,"y":203,"w":124,"h":29,"offX":0,"offY":0,"sourceW":124,"sourceH":29},"memory_jieju_png":{"x":876,"y":169,"w":94,"h":70,"offX":0,"offY":0,"sourceW":94,"sourceH":70},"memory_iconbg_png":{"x":0,"y":0,"w":350,"h":347,"offX":0,"offY":0,"sourceW":350,"sourceH":347},"memory_downbg_png":{"x":780,"y":0,"w":114,"h":103,"offX":0,"offY":0,"sourceW":114,"sourceH":103},"memory_btn2_png":{"x":780,"y":105,"w":94,"h":82,"offX":0,"offY":0,"sourceW":94,"sourceH":82},"memory_btn1_png":{"x":896,"y":0,"w":93,"h":83,"offX":0,"offY":0,"sourceW":93,"sourceH":83},"memory_btn0_png":{"x":896,"y":85,"w":94,"h":82,"offX":0,"offY":0,"sourceW":94,"sourceH":82},"memory_bofang_png":{"x":972,"y":169,"w":40,"h":40,"offX":0,"offY":0,"sourceW":40,"sourceH":40}}}