{"file":"gamehall.png","frames":{"gamehall_btn_activies":{"x":408,"y":0,"w":95,"h":89,"offX":0,"offY":0,"sourceW":95,"sourceH":89},"gamehall_coin":{"x":425,"y":91,"w":75,"h":69,"offX":0,"offY":0,"sourceW":75,"sourceH":69},"gamehall_coinBg":{"x":0,"y":251,"w":218,"h":71,"offX":0,"offY":0,"sourceW":218,"sourceH":71},"gamehall_dengdai":{"x":0,"y":324,"w":98,"h":78,"offX":0,"offY":0,"sourceW":98,"sourceH":78},"gamehall_guang":{"x":220,"y":309,"w":92,"h":168,"offX":0,"offY":0,"sourceW":92,"sourceH":168},"gamehall_new":{"x":269,"y":139,"w":154,"h":168,"offX":0,"offY":0,"sourceW":154,"sourceH":168},"gamehall_relianzhong":{"x":314,"y":309,"w":98,"h":78,"offX":0,"offY":0,"sourceW":98,"sourceH":78},"gamehall_suipian":{"x":425,"y":162,"w":67,"h":67,"offX":0,"offY":0,"sourceW":67,"sourceH":67},"gamehall_bg":{"x":0,"y":139,"w":267,"h":110,"offX":0,"offY":0,"sourceW":267,"sourceH":110},"gamehall_biaotou":{"x":0,"y":0,"w":406,"h":137,"offX":0,"offY":0,"sourceW":406,"sourceH":137}}}