{"frameRate":24,"name":"PSWJ","version":"5.5","compatibleVersion":"5.5","armature":[{"type":"Armature","frameRate":24,"name":"armatureName","aabb":{"x":-72,"y":-14.76,"width":143,"height":25.26},"bone":[{"name":"root"},{"name":"dian","parent":"root","transform":{"x":-7.5,"y":-1.411,"skX":-140.1944,"skY":-140.1944}},{"name":"bone","parent":"root","transform":{"x":-36.15,"y":-3.6}},{"length":17,"name":"zdz","parent":"root","transform":{"x":-2.5,"y":4.4448,"skX":-89.0179,"skY":-89.0179}},{"name":"A","parent":"zdz","transform":{"x":5.5962,"y":-53.9731}},{"length":13,"name":"jin","parent":"bone","transform":{"x":42.55,"y":5.55,"skX":-92.2659,"skY":-92.2659}},{"length":16,"name":"kuai","parent":"bone","transform":{"x":19.2,"y":7.25,"skX":-91.0448,"skY":-91.0448}},{"name":"yuandian","parent":"zdz","transform":{"x":0.0458,"y":52.2643}},{"length":20,"name":"jiantou","parent":"bone","transform":{"x":-30.85,"y":0.85,"skX":0.687,"skY":0.687}},{"length":16,"name":"dian1","parent":"dian","transform":{"x":5.7873,"y":-11.3313,"skX":48.2379,"skY":48.2379}},{"length":15,"name":"ji1","parent":"dian","transform":{"x":-13.1366,"y":5.48,"skX":51.2788,"skY":51.2788}},{"length":13,"name":"ji","parent":"dian","transform":{"x":-34.1794,"y":24.1221,"skX":51.2248,"skY":51.2248}},{"length":13,"name":"xu","parent":"dian","transform":{"x":-52.5591,"y":41.5864,"skX":52.5018,"skY":52.5018}},{"length":15,"name":"xin","parent":"dian","transform":{"x":36.2344,"y":-33.8401,"skX":52.2136,"skY":52.2136}},{"name":"yuandian2","parent":"zdz","transform":{"x":0.4119,"y":70.7005}},{"name":"yuandian1","parent":"zdz","transform":{"x":0.226,"y":61.4607}}],"slot":[{"name":"jin","parent":"jin"},{"name":"kuai","parent":"kuai"},{"name":"jiantou","parent":"jiantou"},{"name":"xu","parent":"xu"},{"name":"ji","parent":"ji"},{"name":"ji1","parent":"ji1"},{"name":"dian","parent":"dian1"},{"name":"xin","parent":"xin"},{"name":"zdz","parent":"zdz"},{"name":"yuandian","parent":"yuandian"},{"name":"quan","parent":"A"},{"name":"A","parent":"zdz"},{"name":"yuandian1","parent":"yuandian1"},{"name":"yuandian2","parent":"yuandian2"}],"skin":[{"slot":[{"name":"A","display":[{"name":"A","transform":{"x":5.77,"y":-54.11,"skX":89.02,"skY":89.02}}]},{"name":"ji","display":[{"name":"ji","transform":{"x":4.54,"y":-0.78,"skX":88.97,"skY":88.97}}]},{"name":"yuandian2","display":[{"name":"yuandian","transform":{"x":0.05,"y":0.2,"skX":89.02,"skY":89.02}}]},{"name":"dian","display":[{"name":"dian","transform":{"x":5.71,"y":-0.11,"skX":91.96,"skY":91.96}}]},{"name":"zdz","display":[{"name":"zdz","transform":{"x":6.85,"y":8.88,"skX":89.02,"skY":89.02}}]},{"name":"kuai","display":[{"name":"kuai","transform":{"x":5.68,"y":-1.45,"skX":91.04,"skY":91.04}}]},{"name":"quan","display":[{"name":"quan","transform":{"x":0.18,"y":-0.13,"skX":89.02,"skY":89.02}}]},{"name":"xu","display":[{"name":"xu","transform":{"x":2.36,"y":-1.1,"skX":87.69,"skY":87.69}}]},{"name":"yuandian1","display":[{"name":"yuandian","transform":{"x":0.05,"y":0.2,"skX":89.02,"skY":89.02}}]},{"name":"ji1","display":[{"name":"ji1","transform":{"x":4.94,"y":1.81,"skX":88.92,"skY":88.92}}]},{"name":"xin","display":[{"name":"xin","transform":{"x":3.53,"y":0.88,"skX":87.98,"skY":87.98}}]},{"name":"jin","display":[{"name":"jin","transform":{"x":4,"y":-1.24,"skX":92.27,"skY":92.27}}]},{"name":"yuandian","display":[{"name":"yuandian","transform":{"x":0.05,"y":0.2,"skX":89.02,"skY":89.02}}]},{"name":"jiantou","display":[{"name":"jiantou","transform":{"x":10.01,"y":0.63,"skX":-0.69,"skY":-0.69}}]}]}],"animation":[{"duration":14,"playTimes":0,"name":"ZDZ","bone":[{"name":"A","translateFrame":[{"duration":14,"tweenEasing":0},{"duration":0,"x":0.45,"y":-0.22}],"rotateFrame":[{"duration":14,"tweenEasing":0},{"duration":0,"rotate":179.82}]},{"name":"yuandian","translateFrame":[{"duration":14,"tweenEasing":0,"x":-0.1,"y":-5.6},{"duration":0}],"rotateFrame":[{"duration":14,"rotate":-1.82}]},{"name":"yuandian2","translateFrame":[{"duration":14,"tweenEasing":0,"x":-0.1,"y":-5.6},{"duration":0}]},{"name":"yuandian1","translateFrame":[{"duration":14,"tweenEasing":0,"x":-0.1,"y":-5.6},{"duration":0}]}],"slot":[{"name":"jin","displayFrame":[{"duration":14,"value":-1}]},{"name":"kuai","displayFrame":[{"duration":14,"value":-1}]},{"name":"jiantou","displayFrame":[{"duration":14,"value":-1}]},{"name":"xu","displayFrame":[{"duration":14,"value":-1}]},{"name":"ji","displayFrame":[{"duration":14,"value":-1}]},{"name":"ji1","displayFrame":[{"duration":14,"value":-1}]},{"name":"dian","displayFrame":[{"duration":14,"value":-1}]},{"name":"xin","displayFrame":[{"duration":14,"value":-1}]},{"name":"yuandian","colorFrame":[{"duration":4,"tweenEasing":0,"value":{"aM":0}},{"duration":10}]},{"name":"yuandian1","colorFrame":[{"duration":4,"tweenEasing":0,"value":{"aM":0}},{"duration":4,"tweenEasing":0,"value":{"aM":0}},{"duration":6}]},{"name":"yuandian2","colorFrame":[{"duration":8,"tweenEasing":0,"value":{"aM":0}},{"duration":4,"tweenEasing":0,"value":{"aM":0}},{"duration":2}]}]},{"duration":14,"playTimes":0,"name":"KJ","bone":[{"name":"bone","translateFrame":[{"duration":14,"tweenEasing":0},{"duration":0,"x":7.74}]}],"slot":[{"name":"jin","colorFrame":[{"duration":8,"tweenEasing":0,"value":{"aM":0}},{"duration":4,"tweenEasing":0,"value":{"aM":0}},{"duration":2}]},{"name":"kuai","colorFrame":[{"duration":4,"tweenEasing":0,"value":{"aM":0}},{"duration":4,"tweenEasing":0,"value":{"aM":0}},{"duration":6}]},{"name":"jiantou","colorFrame":[{"duration":4,"tweenEasing":0,"value":{"aM":0}},{"duration":10}]},{"name":"xu","displayFrame":[{"duration":14,"value":-1}]},{"name":"ji","displayFrame":[{"duration":14,"value":-1}]},{"name":"ji1","displayFrame":[{"duration":14,"value":-1}]},{"name":"dian","displayFrame":[{"duration":14,"value":-1}]},{"name":"xin","displayFrame":[{"duration":14,"value":-1}]},{"name":"zdz","displayFrame":[{"duration":14,"value":-1}]},{"name":"yuandian","displayFrame":[{"duration":14,"value":-1}]},{"name":"quan","displayFrame":[{"duration":14,"value":-1}]},{"name":"A","displayFrame":[{"duration":14,"value":-1}]},{"name":"yuandian1","displayFrame":[{"duration":14,"value":-1}]},{"name":"yuandian2","displayFrame":[{"duration":14,"value":-1}]}]},{"duration":72,"playTimes":0,"name":"DJJX","bone":[{"name":"dian1","translateFrame":[{"duration":4,"curve":[0,0,0.5,1]},{"duration":4,"curve":[0.5,0,1,1],"x":2.09,"y":2.51},{"duration":64}]},{"name":"ji1","translateFrame":[{"duration":2},{"duration":4,"curve":[0,0,0.5,1]},{"duration":4,"curve":[0.5,0,1,1],"x":2.09,"y":2.51},{"duration":62}]},{"name":"ji","translateFrame":[{"duration":4},{"duration":4,"curve":[0,0,0.5,1]},{"duration":4,"curve":[0.5,0,1,1],"x":2.09,"y":2.51},{"duration":60}]},{"name":"xu","translateFrame":[{"duration":6},{"duration":4,"curve":[0,0,0.5,1]},{"duration":4,"curve":[0.5,0,1,1],"x":2.09,"y":2.51},{"duration":58}]},{"name":"xin","scaleFrame":[{"duration":10,"curve":[0,0,0.5,1]},{"x":1.67,"y":1.67},{"duration":7,"curve":[0,0,0.5,1],"x":0.93,"y":0.93},{"duration":54}]}],"slot":[{"name":"jin","displayFrame":[{"duration":72,"value":-1}]},{"name":"kuai","displayFrame":[{"duration":72,"value":-1}]},{"name":"jiantou","displayFrame":[{"duration":72,"value":-1}]},{"name":"xin","colorFrame":[{"duration":10,"curve":[0,0,0.5,1]},{"value":{"aM":0}},{"duration":7,"curve":[0,0,0.5,1],"value":{"aM":0}},{"duration":54}]},{"name":"zdz","displayFrame":[{"duration":72,"value":-1}]},{"name":"yuandian","displayFrame":[{"duration":72,"value":-1}]},{"name":"quan","displayFrame":[{"duration":72,"value":-1}]},{"name":"A","displayFrame":[{"duration":72,"value":-1}]},{"name":"yuandian1","displayFrame":[{"duration":72,"value":-1}]},{"name":"yuandian2","displayFrame":[{"duration":72,"value":-1}]}]},{"duration":0,"playTimes":0,"name":"KJjz","slot":[{"name":"xu","displayFrame":[{"duration":0,"value":-1}]},{"name":"ji","displayFrame":[{"duration":0,"value":-1}]},{"name":"ji1","displayFrame":[{"duration":0,"value":-1}]},{"name":"dian","displayFrame":[{"duration":0,"value":-1}]},{"name":"xin","displayFrame":[{"duration":0,"value":-1}]},{"name":"zdz","displayFrame":[{"duration":0,"value":-1}]},{"name":"yuandian","displayFrame":[{"duration":0,"value":-1}]},{"name":"quan","displayFrame":[{"duration":0,"value":-1}]},{"name":"A","displayFrame":[{"duration":0,"value":-1}]},{"name":"yuandian1","displayFrame":[{"duration":0,"value":-1}]},{"name":"yuandian2","displayFrame":[{"duration":0,"value":-1}]}]}],"defaultActions":[{"gotoAndPlay":"ZDZ"}]}]}