{"file":"charge.png","frames":{"charge_coin_big":{"x":305,"y":340,"w":66,"h":69,"offX":0,"offY":0,"sourceW":66,"sourceH":69},"charge_coin_middle":{"x":373,"y":340,"w":45,"h":47,"offX":0,"offY":0,"sourceW":45,"sourceH":47},"charge_img_add":{"x":420,"y":340,"w":31,"h":31,"offX":6,"offY":6,"sourceW":42,"sourceH":42},"charge_img_selected":{"x":0,"y":0,"w":184,"h":214,"offX":0,"offY":0,"sourceW":184,"sourceH":214},"charge_item_0":{"x":364,"y":93,"w":142,"h":83,"offX":18,"offY":25,"sourceW":176,"sourceH":150},"charge_item_1":{"x":364,"y":0,"w":142,"h":91,"offX":18,"offY":23,"sourceW":176,"sourceH":150},"charge_item_2":{"x":156,"y":340,"w":147,"h":99,"offX":16,"offY":17,"sourceW":176,"sourceH":150},"charge_item_3":{"x":0,"y":216,"w":154,"h":130,"offX":13,"offY":6,"sourceW":176,"sourceH":150},"charge_item_4":{"x":351,"y":208,"w":155,"h":130,"offX":12,"offY":6,"sourceW":176,"sourceH":150},"charge_item_5":{"x":186,"y":208,"w":163,"h":130,"offX":8,"offY":6,"sourceW":176,"sourceH":150},"charge_bg":{"x":186,"y":0,"w":176,"h":206,"offX":0,"offY":0,"sourceW":176,"sourceH":206},"charge_coin":{"x":156,"y":216,"w":28,"h":29,"offX":0,"offY":0,"sourceW":28,"sourceH":29}}}