{"frameRate":24,"name":"chaozhizuhe","version":"5.5","compatibleVersion":"5.5","armature":[{"type":"Armature","frameRate":24,"name":"Armature","bone":[{"name":"root"},{"name":"bone","parent":"root"},{"name":"bone3","parent":"bone"},{"name":"bone2","parent":"bone"},{"name":"bone7","parent":"bone","transform":{"y":60.5302}},{"name":"zuanshi","parent":"bone","transform":{"x":29.289,"y":18.7377}},{"name":"bone4","parent":"bone","transform":{"x":0.4168,"y":-4.3143}},{"name":"bone5","parent":"bone"},{"name":"zi","parent":"bone"},{"name":"bone14","parent":"bone3","transform":{"x":-59.0331,"y":-0.5203,"skX":-18,"skY":-18,"scX":0.5421,"scY":0.5421}},{"name":"bone12","parent":"bone3","transform":{"x":60.1227,"y":0.4871,"skX":32,"skY":32,"scX":0.5911,"scY":0.5911}},{"name":"bone19","parent":"bone3"},{"name":"bone3-1","parent":"zuanshi","transform":{"x":-25.6678,"y":2.9437,"scX":0.7217,"scY":0.7217}},{"name":"bone11","parent":"bone3","transform":{"x":77.3362,"y":11.9038,"skX":110,"skY":110,"scX":0.4393,"scY":0.4393}},{"name":"bone10","parent":"bone3","transform":{"x":59.8678,"y":25.471}},{"name":"bone13","parent":"bone3","transform":{"x":-57.799,"y":25.6722,"skX":15,"skY":15}},{"name":"bone17","parent":"bone3","transform":{"x":0.4353,"y":-41.4506}},{"name":"bone15","parent":"bone3","transform":{"x":-77.3828,"y":12.7826,"skX":54,"skY":54,"scX":0.4458,"scY":0.4458}},{"name":"bone16","parent":"bone3","transform":{"x":0.4353,"y":-41.4506}},{"name":"bone6","parent":"zuanshi"},{"name":"bone18","parent":"bone2","transform":{"x":23.2236,"y":6.7725,"scX":0.0694,"scY":0.0694}},{"name":"bone181","parent":"bone2","transform":{"x":-0.922,"y":20.7294,"scX":0.0694,"scY":0.0694}},{"name":"bone8","parent":"bone7"},{"name":"bone9","parent":"bone7"}],"slot":[{"displayIndex":-1,"name":"yuan","parent":"bone5"},{"displayIndex":-1,"name":"libao","parent":"bone4"},{"displayIndex":-1,"name":"zuanshi","parent":"bone6"},{"displayIndex":-1,"name":"zuanshi1","parent":"bone3-1"},{"displayIndex":-1,"name":"zuhe","parent":"bone9"},{"displayIndex":-1,"name":"zuhe02","parent":"bone8"},{"displayIndex":-1,"name":"xing","parent":"bone10"},{"displayIndex":-1,"name":"xing1","parent":"bone11"},{"displayIndex":-1,"name":"xing2","parent":"bone12"},{"displayIndex":-1,"name":"xing3","parent":"bone13"},{"displayIndex":-1,"name":"xing4","parent":"bone14"},{"displayIndex":-1,"name":"xing5","parent":"bone15"},{"displayIndex":-1,"name":"guangxian","parent":"bone16"},{"displayIndex":-1,"name":"guangxian02","parent":"bone17"},{"displayIndex":-1,"name":"xing02","parent":"bone18"},{"blendMode":"add","displayIndex":-1,"name":"xing021","parent":"bone18","color":{"gM":82,"bM":47}},{"displayIndex":-1,"name":"xing022","parent":"bone181"},{"blendMode":"add","displayIndex":-1,"name":"xing0211","parent":"bone181","color":{"gM":82,"bM":47}},{"blendMode":"add","displayIndex":-1,"name":"saoguang","parent":"bone19"},{"blendMode":"add","displayIndex":-1,"name":"zuhe1","parent":"bone9"},{"blendMode":"add","displayIndex":-1,"name":"libao1","parent":"bone4"},{"blendMode":"add","displayIndex":-1,"name":"zuanshi2","parent":"bone6"},{"displayIndex":-1,"name":"chaozhizuhe","parent":"zi"},{"displayIndex":-1,"name":"zhengbaogomai","parent":"zi"}],"skin":[{"slot":[{"name":"libao","display":[{"name":"libao"}]},{"name":"zuanshi1","display":[{"name":"zuanshi","transform":{"scX":-1}}]},{"name":"xing021","display":[{"name":"xing02","transform":{"x":11.72,"y":24.51}}]},{"name":"xing1","display":[{"name":"xing"}]},{"name":"libao1","display":[{"name":"libao"}]},{"name":"guangxian","display":[{"name":"guangxian"}]},{"name":"yuan","display":[{"name":"yuan"}]},{"name":"xing3","display":[{"name":"xing"}]},{"name":"chaozhizuhe","display":[{"name":"chaozhizuhe","transform":{"y":59.4}}]},{"name":"xing02","display":[{"name":"xing02","transform":{"x":11.72,"y":24.51}}]},{"name":"xing0211","display":[{"name":"xing02","transform":{"x":11.72,"y":24.51}}]},{"name":"zuanshi","display":[{"name":"zuanshi"}]},{"name":"saoguang","display":[{"name":"saoguang"}]},{"name":"zuanshi2","display":[{"name":"zuanshi"}]},{"name":"guangxian02","display":[{"name":"guangxian02"}]},{"name":"zuhe02","display":[{"name":"zuhe02"}]},{"name":"xing","display":[{"name":"xing"}]},{"name":"xing2","display":[{"name":"xing"}]},{"name":"xing5","display":[{"name":"xing"}]},{"name":"zuhe","display":[{"name":"zuhe"}]},{"name":"xing022","display":[{"name":"xing02","transform":{"x":11.72,"y":24.51}}]},{"name":"xing4","display":[{"name":"xing"}]},{"name":"zhengbaogomai","display":[{"name":"zhengbaogomai","transform":{"y":59.4}}]},{"name":"zuhe1","display":[{"name":"zuhe"}]}]}],"animation":[{"duration":47,"playTimes":0,"name":"chaozhizuhe","bone":[{"name":"bone3-1","translateFrame":[{"duration":3},{"duration":11,"tweenEasing":0,"x":-12.81,"y":21.82},{"duration":33,"y":-1.73}]},{"name":"bone6","translateFrame":[{"duration":6,"tweenEasing":0,"x":-33.19,"y":19.38},{"duration":41,"y":-4.07}],"scaleFrame":[{"duration":6,"tweenEasing":0,"x":0.5,"y":0.5},{"duration":41}]},{"name":"bone10","translateFrame":[{"duration":15},{"duration":9,"tweenEasing":0,"y":-113.18},{"duration":23}]},{"name":"bone12","translateFrame":[{"duration":18},{"duration":9,"tweenEasing":0,"y":-122.19},{"duration":20}]},{"name":"bone13","translateFrame":[{"duration":12},{"duration":9,"tweenEasing":0,"y":-115.32},{"duration":26}]},{"name":"bone14","translateFrame":[{"duration":15},{"duration":9,"tweenEasing":0,"y":-104.44},{"duration":23}]},{"name":"bone18","translateFrame":[{"duration":5},{"duration":8,"tweenEasing":0,"x":12.58,"y":15.74},{"duration":3,"tweenEasing":0},{"duration":31,"x":10.14,"y":4.21}],"rotateFrame":[{"duration":5,"tweenEasing":0},{"duration":5,"tweenEasing":0,"rotate":-179},{"duration":3,"tweenEasing":0},{"duration":3,"tweenEasing":0,"rotate":180},{"duration":4,"tweenEasing":0},{"duration":27,"rotate":-179}],"scaleFrame":[{"duration":5},{"duration":8,"tweenEasing":0,"x":0.14,"y":0.14},{"duration":7,"tweenEasing":0,"x":7.21,"y":7.21},{"duration":27,"x":0.25,"y":0.14}]}],"slot":[{"name":"yuan","displayFrame":[{"duration":47}]},{"name":"libao","displayFrame":[{"duration":47}]},{"name":"zuanshi","displayFrame":[{"duration":47}],"colorFrame":[{"duration":6,"tweenEasing":0,"value":{"aM":0}},{"duration":41}]},{"name":"zuanshi1","displayFrame":[{"duration":47}],"colorFrame":[{"duration":3,"tweenEasing":0,"value":{"aM":0}},{"duration":3,"tweenEasing":0,"value":{"aM":0}},{"duration":8,"tweenEasing":0,"value":{"aM":65}},{"duration":33}]},{"name":"zuhe","displayFrame":[{"duration":47}]},{"name":"xing","displayFrame":[{"duration":15,"value":-1},{"duration":32}],"colorFrame":[{"duration":15},{"duration":9,"tweenEasing":0,"value":{"aM":0}},{"duration":23}]},{"name":"xing1","displayFrame":[{"duration":15,"value":-1},{"duration":32}],"colorFrame":[{"duration":15},{"duration":9,"tweenEasing":0,"value":{"aM":0}},{"duration":23}]},{"name":"xing2","displayFrame":[{"duration":18,"value":-1},{"duration":29}],"colorFrame":[{"duration":18},{"duration":9,"tweenEasing":0,"value":{"aM":0}},{"duration":20}]},{"name":"xing3","displayFrame":[{"duration":12,"value":-1},{"duration":35}],"colorFrame":[{"duration":12},{"duration":9,"tweenEasing":0,"value":{"aM":0}},{"duration":26}]},{"name":"xing4","displayFrame":[{"duration":15,"value":-1},{"duration":32}],"colorFrame":[{"duration":15},{"duration":9,"tweenEasing":0,"value":{"aM":0}},{"duration":23}]},{"name":"xing5","displayFrame":[{"duration":15,"value":-1},{"duration":32}],"colorFrame":[{"duration":15},{"duration":9,"tweenEasing":0,"value":{"aM":0}},{"duration":23}]},{"name":"guangxian","displayFrame":[{"duration":47}]},{"name":"guangxian02","displayFrame":[{"duration":47}],"colorFrame":[{"duration":23,"tweenEasing":0},{"duration":24,"tweenEasing":0,"value":{"aM":0}},{"duration":0}]},{"name":"xing02","displayFrame":[{"duration":5,"value":-1},{"duration":42}]},{"name":"xing021","displayFrame":[{"duration":5,"value":-1},{"duration":42}],"colorFrame":[{"duration":5},{"duration":8,"tweenEasing":0,"value":{"aM":0,"gM":82,"bM":47}},{"duration":34,"value":{"gM":82,"bM":47}}]},{"name":"zuhe1","displayFrame":[{"duration":47}],"colorFrame":[{"duration":17,"tweenEasing":0,"value":{"aM":0}},{"duration":17,"tweenEasing":0,"value":{"aM":38}},{"duration":13,"value":{"aM":0}}]},{"name":"libao1","displayFrame":[{"duration":47}],"colorFrame":[{"duration":8,"tweenEasing":0,"value":{"aM":0}},{"duration":8,"tweenEasing":0,"value":{"aM":35}},{"duration":8,"tweenEasing":0,"value":{"aM":0}},{"duration":7,"tweenEasing":0,"value":{"aM":35}},{"duration":8,"tweenEasing":0,"value":{"aM":0}},{"duration":8,"tweenEasing":0,"value":{"aM":35}},{"duration":0,"value":{"aM":0}}]},{"name":"zuanshi2","displayFrame":[{"duration":47}],"colorFrame":[{"duration":6,"tweenEasing":0,"value":{"aM":0}},{"duration":41,"value":{"aM":10}}]},{"name":"chaozhizuhe","displayFrame":[{"duration":47}]}]},{"duration":47,"playTimes":0,"name":"zhengbaogomai","bone":[{"name":"bone3-1","translateFrame":[{"duration":3},{"duration":11,"tweenEasing":0,"x":-12.81,"y":21.82},{"duration":33,"y":-1.73}]},{"name":"bone6","translateFrame":[{"duration":6,"tweenEasing":0,"x":-33.19,"y":19.38},{"duration":41,"y":-4.07}],"scaleFrame":[{"duration":6,"tweenEasing":0,"x":0.5,"y":0.5},{"duration":41}]},{"name":"bone10","translateFrame":[{"duration":15},{"duration":9,"tweenEasing":0,"y":-113.18},{"duration":23}]},{"name":"bone12","translateFrame":[{"duration":18},{"duration":9,"tweenEasing":0,"y":-122.19},{"duration":20}]},{"name":"bone13","translateFrame":[{"duration":12},{"duration":9,"tweenEasing":0,"y":-115.32},{"duration":26}]},{"name":"bone14","translateFrame":[{"duration":15},{"duration":9,"tweenEasing":0,"y":-104.44},{"duration":23}]},{"name":"bone18","translateFrame":[{"duration":5},{"duration":8,"tweenEasing":0,"x":12.58,"y":15.74},{"duration":3,"tweenEasing":0},{"duration":31,"x":10.14,"y":4.21}],"rotateFrame":[{"duration":5,"tweenEasing":0},{"duration":5,"tweenEasing":0,"rotate":-179},{"duration":3,"tweenEasing":0},{"duration":3,"tweenEasing":0,"rotate":180},{"duration":4,"tweenEasing":0},{"duration":27,"rotate":-179}],"scaleFrame":[{"duration":5},{"duration":8,"tweenEasing":0,"x":0.14,"y":0.14},{"duration":7,"tweenEasing":0,"x":7.21,"y":7.21},{"duration":27,"x":0.25,"y":0.14}]}],"slot":[{"name":"yuan","displayFrame":[{"duration":47}]},{"name":"libao","displayFrame":[{"duration":47}]},{"name":"zuanshi","displayFrame":[{"duration":47}],"colorFrame":[{"duration":6,"tweenEasing":0,"value":{"aM":0}},{"duration":41}]},{"name":"zuanshi1","displayFrame":[{"duration":47}],"colorFrame":[{"duration":3,"tweenEasing":0,"value":{"aM":0}},{"duration":3,"tweenEasing":0,"value":{"aM":0}},{"duration":8,"tweenEasing":0,"value":{"aM":65}},{"duration":33}]},{"name":"zuhe","displayFrame":[{"duration":47}]},{"name":"xing","displayFrame":[{"duration":15,"value":-1},{"duration":32}],"colorFrame":[{"duration":15},{"duration":9,"tweenEasing":0,"value":{"aM":0}},{"duration":23}]},{"name":"xing1","displayFrame":[{"duration":15,"value":-1},{"duration":32}],"colorFrame":[{"duration":15},{"duration":9,"tweenEasing":0,"value":{"aM":0}},{"duration":23}]},{"name":"xing2","displayFrame":[{"duration":18,"value":-1},{"duration":29}],"colorFrame":[{"duration":18},{"duration":9,"tweenEasing":0,"value":{"aM":0}},{"duration":20}]},{"name":"xing3","displayFrame":[{"duration":12,"value":-1},{"duration":35}],"colorFrame":[{"duration":12},{"duration":9,"tweenEasing":0,"value":{"aM":0}},{"duration":26}]},{"name":"xing4","displayFrame":[{"duration":15,"value":-1},{"duration":32}],"colorFrame":[{"duration":15},{"duration":9,"tweenEasing":0,"value":{"aM":0}},{"duration":23}]},{"name":"xing5","displayFrame":[{"duration":15,"value":-1},{"duration":32}],"colorFrame":[{"duration":15},{"duration":9,"tweenEasing":0,"value":{"aM":0}},{"duration":23}]},{"name":"guangxian","displayFrame":[{"duration":47}]},{"name":"guangxian02","displayFrame":[{"duration":47}],"colorFrame":[{"duration":23,"tweenEasing":0},{"duration":24,"tweenEasing":0,"value":{"aM":0}},{"duration":0}]},{"name":"xing02","displayFrame":[{"duration":5,"value":-1},{"duration":42}]},{"name":"xing021","displayFrame":[{"duration":5,"value":-1},{"duration":42}],"colorFrame":[{"duration":5},{"duration":8,"tweenEasing":0,"value":{"aM":0,"gM":82,"bM":47}},{"duration":34,"value":{"gM":82,"bM":47}}]},{"name":"zuhe1","displayFrame":[{"duration":47}],"colorFrame":[{"duration":17,"tweenEasing":0,"value":{"aM":0}},{"duration":17,"tweenEasing":0,"value":{"aM":38}},{"duration":13,"value":{"aM":0}}]},{"name":"libao1","displayFrame":[{"duration":47}],"colorFrame":[{"duration":8,"tweenEasing":0,"value":{"aM":0}},{"duration":8,"tweenEasing":0,"value":{"aM":35}},{"duration":8,"tweenEasing":0,"value":{"aM":0}},{"duration":7,"tweenEasing":0,"value":{"aM":35}},{"duration":8,"tweenEasing":0,"value":{"aM":0}},{"duration":8,"tweenEasing":0,"value":{"aM":35}},{"duration":0,"value":{"aM":0}}]},{"name":"zuanshi2","displayFrame":[{"duration":47}],"colorFrame":[{"duration":6,"tweenEasing":0,"value":{"aM":0}},{"duration":41,"value":{"aM":10}}]},{"name":"zhengbaogomai","displayFrame":[{"duration":47}]}]}],"defaultActions":[{"gotoAndPlay":"chaozhizuhe"}]}]}