{"width":238,"imagePath":"chaozhizuhe_tex.png","height":501,"name":"chaozhizuhe","SubTexture":[{"frameHeight":115,"y":233,"frameX":0,"width":114,"frameY":-1,"height":114,"name":"yuan","frameWidth":114,"x":1},{"frameHeight":81,"y":233,"frameX":0,"width":82,"frameY":0,"height":80,"name":"libao","frameWidth":83,"x":117},{"frameHeight":45,"y":146,"frameX":0,"width":45,"frameY":-1,"height":42,"name":"zuanshi","frameWidth":46,"x":167},{"width":126,"y":420,"height":48,"name":"zuhe","x":1},{"width":1,"y":227,"height":1,"name":"zuhe02","x":167},{"frameHeight":37,"y":190,"frameX":0,"width":36,"frameY":0,"height":35,"name":"xing","frameWidth":37,"x":167},{"width":147,"y":349,"height":69,"name":"guangxian","x":1},{"width":164,"y":146,"height":85,"name":"guangxian02","x":1},{"width":207,"y":1,"height":143,"name":"xing02","x":1},{"width":35,"y":227,"height":23,"name":"saoguang","x":201},{"width":110,"y":470,"height":29,"name":"chaozhizuhe","x":1},{"width":110,"y":315,"height":29,"name":"zhengbaogomai","x":117}]}