{
"texture":"buringParticle.png",
"blendFactorSource":"one"
,"maxRadiusVariance":30
,"lifespan":500
,"blendFactorDestination":"oneMinusSourceAlpha"
,"minRadius":20
,"lifespanVariance":700
,"minRadiusVariance":10
,"startSize":200
,"maxParticles":100
,"rotatePerSecond":30
,"startSizeVariance":10
,"speed":20
,"rotatePerSecondVariance":10
,"endSize":10
,"startGreen":255
,"engGreenVariance":0
,"endSizeVariance":4
,"endRotation":60
,"endRed":255
,"emitAngle":180
,"startRed":255
,"emitAngleVariance":360
,"endAlpha":1
,"startBlueVariance":0
,"startRotation":0
,"emitterType":0
,"startRotationVariance":45
,"endRedVariance":0
,"endAlphaVariance":0
,"gravity":{"x":0,"y":0}
,"endBlueVariance":0
,"startRedVariance":0
,"emitterVariance":{"x":720,"y":1280}
,"endGreen":255
,"speedVariance":0
,"startGreenVariance":0
,"startAlpha":0.8901960784313725
,"startAlphaVariance":0
,"radialAcceleration":0
,"endRotationVariance":292.07
,"startBlue":255
,"duration":-1
,"tangentialAcceleration":0
,"endBlue":255
,"emitter":{"x":0,"y":0}
,"tangentialAccelerationVariance":0
,"radialAccelerationVariance":0
,"maxRadius":100
}