{
    "description": "项目配置文件。",
    "setting": {
        "urlCheck": true,
        "es6": true,
        "postcss": true,
        "minified": true,
        "newFeature": true
    },
    "compileType": "game",
    "libVersion": "game",
    "appid": "wxa9017491bffb142a",
    "projectname": "心动女生",
    "condition": {
        "search": {
            "current": -1,
            "list": []
        },
        "conversation": {
            "current": -1,
            "list": []
        },
        "game": {
            "list": [],
            "current": -1
        },
        "miniprogram": {
            "current": -1,
            "list": []
        }
    }
}