{"file":"common_v1.png","frames":{"common_v1_loginkuang_png":{"x":0,"y":0,"w":379,"h":304,"offX":0,"offY":0,"sourceW":379,"sourceH":304},"common_v1_logo_png":{"x":710,"y":480,"w":248,"h":108,"offX":0,"offY":0,"sourceW":248,"sourceH":108},"common_v1_mask_png":{"x":381,"y":0,"w":326,"h":320,"offX":0,"offY":0,"sourceW":326,"sourceH":320},"common_v1_rail_png":{"x":658,"y":801,"w":326,"h":50,"offX":0,"offY":0,"sourceW":326,"sourceH":50},"common_v1_rail1_png":{"x":0,"y":732,"w":475,"h":56,"offX":0,"offY":0,"sourceW":475,"sourceH":56},"common_v1_rail2_png":{"x":408,"y":594,"w":329,"h":93,"offX":0,"offY":0,"sourceW":329,"sourceH":93},"common_v1_rail4_png":{"x":0,"y":322,"w":658,"h":151,"offX":0,"offY":0,"sourceW":658,"sourceH":151},"common_v1_set_png":{"x":485,"y":831,"w":84,"h":84,"offX":0,"offY":0,"sourceW":84,"sourceH":84},"common_v1_triangle_png":{"x":660,"y":322,"w":334,"h":156,"offX":0,"offY":0,"sourceW":334,"sourceH":156},"common_v1_wordbg_png":{"x":571,"y":853,"w":173,"h":32,"offX":0,"offY":0,"sourceW":173,"sourceH":32},"common_v1_bg1_png":{"x":0,"y":831,"w":136,"h":117,"offX":0,"offY":0,"sourceW":136,"sourceH":117},"common_v1_bg2_png":{"x":387,"y":831,"w":96,"h":76,"offX":0,"offY":0,"sourceW":96,"sourceH":76},"common_v1_biaotou_png":{"x":0,"y":475,"w":406,"h":137,"offX":0,"offY":0,"sourceW":406,"sourceH":137},"common_v1_border_png":{"x":709,"y":0,"w":244,"h":213,"offX":0,"offY":0,"sourceW":244,"sourceH":213},"common_v1_button1_png":{"x":138,"y":831,"w":157,"h":67,"offX":0,"offY":0,"sourceW":157,"sourceH":67},"common_v1_button2_png":{"x":477,"y":732,"w":297,"h":67,"offX":0,"offY":0,"sourceW":297,"sourceH":67},"common_v1_button3_png":{"x":0,"y":614,"w":324,"h":87,"offX":0,"offY":0,"sourceW":324,"sourceH":87},"common_v1_button4_png":{"x":776,"y":732,"w":237,"h":67,"offX":0,"offY":0,"sourceW":237,"sourceH":67},"common_v1_button5_png":{"x":739,"y":590,"w":237,"h":67,"offX":0,"offY":0,"sourceW":237,"sourceH":67},"common_v1_button6_png":{"x":709,"y":215,"w":297,"h":87,"offX":0,"offY":0,"sourceW":297,"sourceH":87},"common_v1_buy_zuhe_png":{"x":408,"y":480,"w":300,"h":112,"offX":0,"offY":0,"sourceW":300,"sourceH":112},"common_v1_check0_png":{"x":955,"y":51,"w":32,"h":32,"offX":0,"offY":0,"sourceW":32,"sourceH":32},"common_v1_check1_png":{"x":989,"y":51,"w":30,"h":26,"offX":0,"offY":0,"sourceW":30,"sourceH":26},"common_v1_fanhui_png":{"x":297,"y":831,"w":88,"h":91,"offX":0,"offY":0,"sourceW":88,"sourceH":91},"common_v1_heart_png":{"x":955,"y":0,"w":51,"h":49,"offX":0,"offY":0,"sourceW":51,"sourceH":49},"common_v1_jindutiao1_png":{"x":326,"y":689,"w":668,"h":41,"offX":0,"offY":13,"sourceW":669,"sourceH":60},"common_v1_jindutiao2_png":{"x":0,"y":801,"w":656,"h":28,"offX":6,"offY":16,"sourceW":669,"sourceH":60}}}