{"mc":{
	"startgame":{
		"frameRate":12,
		"labels":[
			{"name":"startgame","frame":1,"end":15}
			
			],
		"events":[
			
			],
		"frames":[
			
			{
			"res":"s_1_png",
			"x":0,
			"y":-27
			},
			{
			"res":"s_2_png",
			"x":0,
			"y":-48
			},
			{
			"res":"s_3_png",
			"x":0,
			"y":-70
			},
			{
			"res":"s_4_png",
			"x":7,
			"y":-91
			},
			{
			"res":"s_5_png",
			"x":25,
			"y":-112
			},
			{
			"res":"s_6_png",
			"x":48,
			"y":-134
			},
			{
			"res":"s_7_png",
			"x":58,
			"y":-155
			},
			{
			"res":"s_8_png",
			"x":56,
			"y":-176
			},
			{
			"res":"s_9_png",
			"x":55,
			"y":-197
			},
			{
			"res":"s_10_png",
			"x":45,
			"y":-219
			},
			{
			"res":"s_11_png",
			"x":44,
			"y":-141
			},
			{
			"res":"s_12_png",
			"x":44,
			"y":-244
			},
			{
			"res":"s_13_png",
			"x":43,
			"y":-254
			},
			{
			"res":"s_14_png",
			"x":42,
			"y":-263
			},
			{
			"res":"s_15_png",
			"x":42,
			"y":-273
			}
			]
}},
	"res":{
		"s_10_png":{"x":424,"y":324,"w":96,"h":243},
		"s_9_png":{"x":665,"y":362,"w":86,"h":221},
		"s_1_png":{"x":522,"y":345,"w":141,"h":143},
		"s_15_png":{"x":0,"y":276,"w":110,"h":297},
		"s_4_png":{"x":0,"y":0,"w":195,"h":274},
		"s_12_png":{"x":324,"y":324,"w":98,"h":268},
		"s_13_png":{"x":220,"y":302,"w":102,"h":278},
		"s_5_png":{"x":197,"y":0,"w":177,"h":300},
		"s_11_png":{"x":753,"y":428,"w":97,"h":165},
		"s_3_png":{"x":815,"y":0,"w":197,"h":234},
		"s_8_png":{"x":678,"y":0,"w":135,"h":360},
		"s_7_png":{"x":532,"y":0,"w":144,"h":343},
		"s_14_png":{"x":112,"y":302,"w":106,"h":287},
		"s_6_png":{"x":376,"y":0,"w":154,"h":322},
		"s_2_png":{"x":815,"y":236,"w":175,"h":190}
	}}