{"mc":{
	"VideoLoading":{
		"frameRate":12,
		"labels":[
			{"name":"VideoLoading","frame":1,"end":8}
			
			],
		"events":[
			
			],
		"frames":[
			
			{
			"res":"VideoLoading01",
			"x":-74,
			"y":-66
			},
			{
			"res":"VideoLoading04",
			"x":-100,
			"y":-90
			},
			{
			"res":"VideoLoading08",
			"x":-109,
			"y":-99
			},
			{
			"res":"VideoLoading12",
			"x":-118,
			"y":-107
			},
			{
			"res":"VideoLoading16",
			"x":-128,
			"y":-115
			},
			{
			"res":"VideoLoading20",
			"x":-137,
			"y":-123
			},
			{
			"res":"VideoLoading24",
			"x":-143,
			"y":-128
			},
			{
			"res":"VideoLoading28",
			"x":-74,
			"y":-66
			}
			]
}},
	"res":{
		"VideoLoading01":{"x":803,"y":226,"w":149,"h":131},
		"VideoLoading12":{"x":564,"y":226,"w":237,"h":210},
		"VideoLoading28":{"x":803,"y":226,"w":149,"h":131},
		"VideoLoading04":{"x":0,"y":250,"w":200,"h":177},
		"VideoLoading16":{"x":564,"y":0,"w":256,"h":224},
		"VideoLoading24":{"x":0,"y":0,"w":286,"h":248},
		"VideoLoading08":{"x":288,"y":242,"w":218,"h":194},
		"VideoLoading20":{"x":288,"y":0,"w":274,"h":240}
	}}