{"frameRate":24,"name":"居中","version":"5.5","compatibleVersion":"5.5","armature":[{"type":"Armature","frameRate":24,"name":"Armature","aabb":{"x":-33.5,"y":-33.5,"width":67,"height":67},"bone":[{"name":"root"},{"name":"bone1","parent":"root"},{"name":"bone4","parent":"bone1"},{"name":"bone3","parent":"bone1"},{"name":"qp01","parent":"bone1"},{"name":"qp4","parent":"qp01"},{"name":"qp3","parent":"qp01"},{"name":"qp2","parent":"qp01"},{"name":"qp1","parent":"qp01"},{"name":"qp","parent":"qp01"},{"name":"bone2","parent":"qp01"},{"name":"qp0","parent":"qp01"},{"name":"qp02","parent":"qp01"}],"slot":[{"displayIndex":-1,"name":"爆开","parent":"bone3"},{"displayIndex":-1,"name":"爆开02","parent":"bone4"},{"displayIndex":-1,"name":"水泡1","parent":"qp2"},{"displayIndex":-1,"name":"水泡3","parent":"qp1"},{"displayIndex":-1,"name":"水泡11","parent":"qp3"},{"displayIndex":-1,"name":"水泡31","parent":"qp"},{"displayIndex":-1,"name":"水泡111","parent":"qp4"},{"name":"x15 碎片","parent":"bone2"},{"displayIndex":-1,"name":"水泡1111","parent":"qp0"},{"displayIndex":-1,"name":"水泡11111","parent":"qp02"}],"skin":[{"slot":[{"name":"水泡11111","display":[{"name":"水泡"}]},{"name":"水泡1","display":[{"name":"水泡"}]},{"name":"爆开02","display":[{"name":"爆开02"}]},{"name":"水泡31","display":[{"name":"水泡"}]},{"name":"水泡11","display":[{"name":"水泡"}]},{"name":"水泡3","display":[{"name":"水泡"}]},{"name":"水泡1111","display":[{"name":"水泡"}]},{"name":"x15 碎片","display":[{"name":"x15 碎片","path":"碎片"}]},{"name":"爆开","display":[{"name":"爆开"}]},{"name":"水泡111","display":[{"name":"水泡"}]}]}],"animation":[{"duration":130,"playTimes":0,"name":"suipian","bone":[{"name":"bone4","scaleFrame":[{"duration":2,"tweenEasing":0,"x":0.01,"y":0.01},{"duration":2,"tweenEasing":0,"x":0.75,"y":0.75},{"tweenEasing":0,"x":1.06},{"duration":125,"y":1.96}]},{"name":"bone3","rotateFrame":[{"duration":16,"tweenEasing":0},{"duration":114,"rotate":2}],"scaleFrame":[{"duration":8,"tweenEasing":0,"x":0.01,"y":0.01},{"duration":8,"tweenEasing":0,"x":0.73,"y":0.73},{"duration":114}]},{"name":"qp01","translateFrame":[{"duration":130,"x":96.36,"y":34.66}],"scaleFrame":[{"duration":130,"x":0.2,"y":0.2}]},{"name":"qp4","translateFrame":[{"duration":50},{"duration":37,"tweenEasing":0,"x":-46.53,"y":-75.01},{"duration":35,"tweenEasing":0,"x":-75.57,"y":-156.76},{"duration":8,"x":-114.19,"y":-227.81}],"scaleFrame":[{"duration":50},{"duration":9,"tweenEasing":0,"x":0.01,"y":0.01},{"duration":58,"tweenEasing":0,"x":0.5,"y":0.5},{"duration":5,"tweenEasing":0,"x":0.4,"y":0.4},{"duration":8,"x":0.02,"y":0.01}]},{"name":"qp3","translateFrame":[{"duration":130,"x":-212.06,"y":115.38}],"scaleFrame":[{"duration":130,"x":5,"y":5}]},{"name":"qp2","translateFrame":[{"duration":45,"tweenEasing":0,"x":-60.63,"y":-139.1},{"duration":45,"tweenEasing":0,"x":-48,"y":-280.51},{"duration":40,"x":-49.53,"y":-366.79}],"rotateFrame":[{"duration":90,"tweenEasing":0},{"duration":40,"rotate":180}],"scaleFrame":[{"duration":25,"tweenEasing":0,"x":0.01,"y":0.01},{"duration":65,"tweenEasing":0,"x":0.5,"y":0.5},{"duration":40,"x":0.02,"y":0.01}]},{"name":"qp1","translateFrame":[{"duration":10},{"duration":35,"tweenEasing":0},{"duration":69,"tweenEasing":0,"x":50.37,"y":-146.53},{"duration":16,"x":64.44,"y":-437.88}],"scaleFrame":[{"duration":10},{"duration":35,"tweenEasing":0,"x":0.01,"y":0.01},{"duration":69,"tweenEasing":0},{"duration":16,"x":0.01,"y":0.01}]},{"name":"qp","translateFrame":[{"duration":50},{"duration":80,"tweenEasing":0,"y":10.14},{"duration":0,"x":75.79,"y":-145.64}],"scaleFrame":[{"duration":50},{"duration":60,"tweenEasing":0,"x":0.01,"y":0.01},{"duration":20,"tweenEasing":0,"x":0.5,"y":0.5},{"duration":0,"x":0.1,"y":0.1}]},{"name":"bone2","translateFrame":[{"duration":37,"tweenEasing":0,"x":-242.24,"y":71.77},{"duration":43,"tweenEasing":0,"x":-150.11,"y":83.86},{"duration":50,"tweenEasing":0,"x":-186.2,"y":158.26},{"duration":0,"x":-242.24,"y":71.77}],"scaleFrame":[{"duration":130,"x":4.93,"y":4.93}]},{"name":"qp0","translateFrame":[{"duration":60,"tweenEasing":0,"x":-376.95,"y":270.96},{"duration":70,"tweenEasing":0,"x":-456.94,"y":284.46},{"duration":0,"x":-525.69,"y":255.75}],"scaleFrame":[{"duration":60,"tweenEasing":0,"x":0.01,"y":0.01},{"duration":70,"tweenEasing":0,"x":0.4,"y":0.4},{"duration":0,"x":0.1,"y":0.1}]},{"name":"qp02","translateFrame":[{"duration":50},{"duration":70,"tweenEasing":0,"x":-376.95,"y":270.96},{"duration":10,"tweenEasing":0,"x":-425.22,"y":309.94},{"duration":0,"x":-434.25,"y":319.29}],"scaleFrame":[{"duration":50},{"duration":70,"tweenEasing":0,"x":0.01,"y":0.01},{"duration":10,"tweenEasing":0,"x":0.3,"y":0.3},{"duration":0,"x":0.1,"y":0.1}]}],"slot":[{"name":"爆开02","colorFrame":[{"duration":2,"tweenEasing":0,"value":{"aM":0}},{"duration":3,"tweenEasing":0,"value":{"aM":80}},{"duration":125,"value":{"aM":0}}]},{"name":"爆开","colorFrame":[{"duration":4,"tweenEasing":0,"value":{"aM":0}},{"duration":12,"tweenEasing":0},{"duration":114,"value":{"aM":0}}]},{"name":"水泡11111","displayFrame":[{"duration":50,"value":-1},{"duration":80}],"colorFrame":[{"duration":50},{"duration":20,"tweenEasing":0,"value":{"aM":0}},{"duration":50,"tweenEasing":0},{"duration":10,"tweenEasing":0},{"duration":0,"value":{"aM":0}}]},{"name":"水泡1111","displayFrame":[{"duration":130}],"colorFrame":[{"duration":20,"tweenEasing":0,"value":{"aM":0}},{"duration":40,"tweenEasing":0},{"duration":70,"tweenEasing":0},{"duration":0,"value":{"aM":0}}]},{"name":"水泡111","displayFrame":[{"duration":50,"value":-1},{"duration":80}],"colorFrame":[{"duration":110},{"duration":12,"tweenEasing":0},{"duration":8,"value":{"aM":0}}]},{"name":"水泡31","displayFrame":[{"duration":50,"value":-1},{"duration":80}],"colorFrame":[{"duration":50},{"duration":17,"tweenEasing":0,"value":{"aM":0}},{"duration":43,"tweenEasing":0},{"duration":20,"tweenEasing":0},{"duration":0,"value":{"aM":0}}]},{"name":"水泡11","displayFrame":[{"duration":130}]},{"name":"水泡3","displayFrame":[{"duration":130}],"colorFrame":[{"duration":10,"tweenEasing":0,"value":{"aM":0}},{"duration":35,"tweenEasing":0,"value":{"aM":0}},{"duration":69,"tweenEasing":0},{"duration":16,"value":{"aM":0}}]},{"name":"水泡1","displayFrame":[{"duration":130}]}]},{"duration":7,"playTimes":0,"name":"baozha","bone":[{"name":"bone4","scaleFrame":[{"tweenEasing":0,"x":0.01,"y":0.01},{"tweenEasing":0,"x":0.75,"y":0.75},{"tweenEasing":0,"x":1.06},{"duration":4,"y":1.96}]},{"name":"bone3","rotateFrame":[{"duration":7,"tweenEasing":0},{"duration":0,"rotate":2}],"scaleFrame":[{"duration":4,"tweenEasing":0,"x":0.01,"y":0.01},{"duration":3,"tweenEasing":0,"x":0.73,"y":0.73},{"duration":0}]},{"name":"qp01","translateFrame":[{"duration":7,"x":-78.88,"y":-342.66}],"scaleFrame":[{"duration":7,"x":0.2,"y":0.2}]},{"name":"qp3","translateFrame":[{"duration":7,"x":-212.06,"y":115.38}],"scaleFrame":[{"duration":7,"x":5,"y":5}]}],"slot":[{"name":"爆开02","displayFrame":[{"duration":7}],"colorFrame":[{"tweenEasing":0,"value":{"aM":0}},{"duration":2,"tweenEasing":0,"value":{"aM":25}},{"duration":4,"value":{"aM":0}}]},{"name":"爆开","displayFrame":[{"duration":7}],"colorFrame":[{"duration":2,"tweenEasing":0,"value":{"aM":0}},{"duration":5,"tweenEasing":0},{"duration":0,"value":{"aM":0}}]},{"name":"x15 碎片","displayFrame":[{"duration":7,"value":-1}]}]}],"defaultActions":[{"gotoAndPlay":"suipian"}]}]}