{"file":"gamehall.png","frames":{"gamehall_bg":{"x":0,"y":139,"w":267,"h":110,"offX":0,"offY":0,"sourceW":267,"sourceH":110},"gamehall_biaotou":{"x":0,"y":0,"w":406,"h":137,"offX":0,"offY":0,"sourceW":406,"sourceH":137},"gamehall_dengdai":{"x":94,"y":251,"w":98,"h":78,"offX":0,"offY":0,"sourceW":98,"sourceH":78},"gamehall_guang":{"x":0,"y":251,"w":92,"h":168,"offX":0,"offY":0,"sourceW":92,"sourceH":168},"gamehall_new":{"x":269,"y":139,"w":154,"h":168,"offX":0,"offY":0,"sourceW":154,"sourceH":168},"gamehall_relianzhong":{"x":408,"y":0,"w":98,"h":78,"offX":0,"offY":0,"sourceW":98,"sourceH":78},"gamehall_suipian":{"x":425,"y":80,"w":67,"h":67,"offX":0,"offY":0,"sourceW":67,"sourceH":67}}}