{"file":"choosepay.png","frames":{
"choosepay_zhifubao_png":{"x":660,"y":142,"w":290,"h":140,"offX":0,"offY":0,"sourceW":290,"sourceH":140},
"choosepay_weixin_png":{"x":660,"y":0,"w":290,"h":140,"offX":0,"offY":0,"sourceW":290,"sourceH":140},
"choosepay_title_zfb_png":{"x":0,"y":284,"w":166,"h":34,"offX":0,"offY":0,"sourceW":166,"sourceH":34},
"choosepay_title_wx_png":{"x":0,"y":153,"w":141,"h":34,"offX":0,"offY":0,"sourceW":141,"sourceH":34},
"choosepay_close_png":{"x":952,"y":0,"w":30,"h":30,"offX":0,"offY":0,"sourceW":30,"sourceH":30},
"choosepay_bg_png":{"x":0,"y":0,"w":658,"h":151,"offX":0,"offY":0,"sourceW":658,"sourceH":151}}}