{"file":"componet.png","frames":{
"border_png":{"x":0,"y":0,"w":177,"h":47,"offX":0,"offY":0,"sourceW":177,"sourceH":47},
"button_down_png":{"x":90,"y":95,"w":16,"h":16,"offX":0,"offY":0,"sourceW":16,"sourceH":16},
"button_up_png":{"x":72,"y":95,"w":16,"h":16,"offX":0,"offY":0,"sourceW":16,"sourceH":16},
"checkbox_select_disabled_png":{"x":225,"y":74,"w":23,"h":23,"offX":0,"offY":0,"sourceW":23,"sourceH":23},
"checkbox_select_down_png":{"x":200,"y":74,"w":23,"h":23,"offX":0,"offY":0,"sourceW":23,"sourceH":23},
"checkbox_select_up_png":{"x":211,"y":0,"w":23,"h":23,"offX":0,"offY":0,"sourceW":23,"sourceH":23},
"checkbox_unselect_png":{"x":216,"y":25,"w":23,"h":23,"offX":0,"offY":0,"sourceW":23,"sourceH":23},
"handle_png":{"x":179,"y":0,"w":30,"h":30,"offX":0,"offY":0,"sourceW":30,"sourceH":30},
"header_png":{"x":108,"y":95,"w":16,"h":16,"offX":0,"offY":0,"sourceW":16,"sourceH":16},
"off_png":{"x":0,"y":49,"w":98,"h":44,"offX":0,"offY":0,"sourceW":98,"sourceH":44},
"on_png":{"x":100,"y":49,"w":98,"h":44,"offX":0,"offY":0,"sourceW":98,"sourceH":44},
"radiobutton_select_disabled_png":{"x":48,"y":95,"w":22,"h":22,"offX":0,"offY":0,"sourceW":22,"sourceH":22},
"radiobutton_select_down_png":{"x":24,"y":95,"w":22,"h":22,"offX":0,"offY":0,"sourceW":22,"sourceH":22},
"radiobutton_select_up_png":{"x":0,"y":95,"w":22,"h":22,"offX":0,"offY":0,"sourceW":22,"sourceH":22},
"radiobutton_unselect_png":{"x":216,"y":50,"w":22,"h":22,"offX":0,"offY":0,"sourceW":22,"sourceH":22},
"roundthumb_png":{"x":183,"y":40,"w":6,"h":6,"offX":0,"offY":0,"sourceW":6,"sourceH":6},
"selected_png":{"x":236,"y":0,"w":16,"h":16,"offX":0,"offY":0,"sourceW":16,"sourceH":16},
"thumb_png":{"x":200,"y":32,"w":14,"h":40,"offX":0,"offY":0,"sourceW":14,"sourceH":40},
"thumb_pb_png":{"x":240,"y":50,"w":2,"h":14,"offX":0,"offY":0,"sourceW":2,"sourceH":14},
"track_png":{"x":191,"y":40,"w":6,"h":6,"offX":0,"offY":0,"sourceW":6,"sourceH":6},
"track_pb_png":{"x":191,"y":32,"w":6,"h":6,"offX":0,"offY":0,"sourceW":6,"sourceH":6},
"track_sb_png":{"x":183,"y":32,"w":6,"h":6,"offX":0,"offY":0,"sourceW":6,"sourceH":6},
"tracklight_png":{"x":179,"y":32,"w":2,"h":14,"offX":0,"offY":0,"sourceW":2,"sourceH":14}}}