{"file":"gameshare2.png","frames":{
"gameshare2_bg_png":{"x":0,"y":0,"w":100,"h":258,"offX":0,"offY":0,"sourceW":100,"sourceH":258},
"gameshare2_qq_png":{"x":96,"y":356,"w":94,"h":94,"offX":0,"offY":0,"sourceW":94,"sourceH":94},
"gameshare2_qzone_png":{"x":0,"y":356,"w":94,"h":94,"offX":0,"offY":0,"sourceW":94,"sourceH":94},
"gameshare2_weixin_png":{"x":96,"y":260,"w":94,"h":94,"offX":0,"offY":0,"sourceW":94,"sourceH":94},
"gameshare2_weixinquan_png":{"x":0,"y":260,"w":94,"h":94,"offX":0,"offY":0,"sourceW":94,"sourceH":94},
"gameshare2_xinlang_png":{"x":102,"y":0,"w":94,"h":94,"offX":0,"offY":0,"sourceW":94,"sourceH":94}}}