{"file":"ghsetting.png","frames":{
"ghsetting_bg_png":{"x":0,"y":62,"w":325,"h":32,"offX":0,"offY":0,"sourceW":325,"sourceH":32},
"ghsetting_music_png":{"x":371,"y":0,"w":24,"h":26,"offX":0,"offY":0,"sourceW":24,"sourceH":26},
"ghsetting_play_png":{"x":397,"y":0,"w":19,"h":26,"offX":0,"offY":0,"sourceW":19,"sourceH":26},
"ghsetting_rail_png":{"x":0,"y":0,"w":298,"h":60,"offX":0,"offY":0,"sourceW":298,"sourceH":60},
"ghsetting_select_png":{"x":300,"y":0,"w":42,"h":42,"offX":0,"offY":0,"sourceW":42,"sourceH":42},
"ghsetting_sound_png":{"x":344,"y":0,"w":25,"h":25,"offX":0,"offY":0,"sourceW":25,"sourceH":25},
"ghsetting_voice_png":{"x":418,"y":0,"w":18,"h":26,"offX":0,"offY":0,"sourceW":18,"sourceH":26}}}